contractSymbol,lastTradeDate,strike,lastPrice,bid,ask,change,percentChange,volume,openInterest,impliedVolatility,inTheMoney,contractSize,currency,ticker,expiry,option_type,underlying_price,moneyness,mid_price,spread_pct
SPY260805C00739000,2026-08-04 19:51:59+00:00,739.0,33.56,36.28,38.47,0.0,0.0,56.0,621,0.6875031250000001,True,REGULAR,USD,SPY,2026-08-05,CALL,775.2100219726562,0.9532900492172256,37.375,0.058595317725752445
SPY260805C00742000,2026-08-04 20:11:14+00:00,742.0,30.05,33.23,34.7,0.0,0.0,130.0,1340,0.5776409423828125,True,REGULAR,USD,SPY,2026-08-05,CALL,775.2100219726562,0.9571599682262265,33.965,0.04327984690122202
SPY260805C00745000,2026-08-04 20:04:59+00:00,745.0,27.13,29.66,31.7,0.0,0.0,331.0,2007,0.6428258374023439,True,REGULAR,USD,SPY,2026-08-05,CALL,775.2100219726562,0.9610298872352274,30.68,0.06649282920469358
SPY260805C00746000,2026-08-04 19:44:00+00:00,746.0,27.25,29.14,30.71,0.0,0.0,212.0,941,0.51562984375,True,REGULAR,USD,SPY,2026-08-05,CALL,775.2100219726562,0.9623198602382277,29.925,0.052464494569757734
SPY260805C00747000,2026-08-04 19:59:02+00:00,747.0,24.88,28.28,29.96,0.0,0.0,116.0,878,0.53320779296875,True,REGULAR,USD,SPY,2026-08-05,CALL,775.2100219726562,0.9636098332412281,29.12,0.05769230769230768
SPY260805C00748000,2026-08-04 19:53:21+00:00,748.0,26.04,26.78,28.7,0.0,0.0,316.0,5325,0.5961954443359375,True,REGULAR,USD,SPY,2026-08-05,CALL,775.2100219726562,0.9648998062442283,27.740000000000002,0.06921413121845703
SPY260805C00749000,2026-08-04 19:52:56+00:00,749.0,23.69,26.33,27.89,0.0,0.0,188.0,8663,0.5029346582031251,True,REGULAR,USD,SPY,2026-08-05,CALL,775.2100219726562,0.9661897792472286,27.11,0.05754334194024354
SPY260805C00765000,2026-08-05 13:34:39+00:00,765.0,11.27,11.35,11.51,3.5700006,46.363644,96.0,9352,0.29614961669921874,True,REGULAR,USD,SPY,2026-08-05,CALL,775.2100219726562,0.9868293472952335,11.43,0.013998250218722672
SPY260805C00766000,2026-08-05 13:36:57+00:00,766.0,9.91,9.87,10.1,2.9699998,42.795383,157.0,7581,0.24048611083984373,True,REGULAR,USD,SPY,2026-08-05,CALL,775.2100219726562,0.9881193202982338,9.985,0.023034551827741657
SPY260805C00767000,2026-08-05 13:34:30+00:00,767.0,9.25,9.31,9.45,3.1599998,51.88834,152.0,8530,0.25476819458007816,True,REGULAR,USD,SPY,2026-08-05,CALL,775.2100219726562,0.9894092933012342,9.379999999999999,0.014925373134328231
SPY260805C00768000,2026-08-05 13:36:35+00:00,768.0,7.93,7.89,7.94,2.79,52.345215,221.0,5435,0.19129226684570313,True,REGULAR,USD,SPY,2026-08-05,CALL,775.2100219726562,0.9906992663042344,7.915,0.006317119393556628
SPY260805C00769000,2026-08-05 13:36:52+00:00,769.0,7.12,7.18,7.22,2.6999998,61.085964,953.0,4890,0.19849434326171872,True,REGULAR,USD,SPY,2026-08-05,CALL,775.2100219726562,0.9919892393072347,7.199999999999999,0.005555555555555561
SPY260805C00770000,2026-08-05 13:36:53+00:00,770.0,6.33,6.42,6.45,2.6899998,73.901085,1596.0,7100,0.1977619287109375,True,REGULAR,USD,SPY,2026-08-05,CALL,775.2100219726562,0.9932792123102351,6.4350000000000005,0.0046620046620047
SPY260805C00771000,2026-08-05 13:36:48+00:00,771.0,5.46,5.5,5.54,2.48,83.22147,1730.0,5262,0.1840901904296875,True,REGULAR,USD,SPY,2026-08-05,CALL,775.2100219726562,0.9945691853132353,5.52,0.00724637681159421
SPY260805C00772000,2026-08-05 13:36:53+00:00,772.0,4.75,4.74,4.75,2.31,94.67213,2015.0,13268,0.1772543212890625,True,REGULAR,USD,SPY,2026-08-05,CALL,775.2100219726562,0.9958591583162356,4.745,0.0021074815595363092
SPY260805C00773000,2026-08-05 13:36:56+00:00,773.0,4.03,4.03,4.04,2.1600003,114.285736,4173.0,13908,0.1729819030761719,True,REGULAR,USD,SPY,2026-08-05,CALL,775.2100219726562,0.997149131319236,4.035,0.0024783147459726857
SPY260805C00774000,2026-08-05 13:36:58+00:00,774.0,3.36,3.34,3.37,1.9099998,131.72412,4715.0,7573,0.16834327758789067,True,REGULAR,USD,SPY,2026-08-05,CALL,775.2100219726562,0.9984391043222363,3.355,0.008941877794336885
SPY260805C00775000,2026-08-05 13:37:18+00:00,775.0,2.81,2.81,2.83,1.66,146.90265,16946.0,10181,0.1682212084960938,True,REGULAR,USD,SPY,2026-08-05,CALL,775.2100219726562,0.9997290773252365,2.8200000000000003,0.00709219858156029
SPY260805C00776000,2026-08-05 13:37:16+00:00,776.0,2.3,2.3,2.31,1.41,158.42697,29435.0,6203,0.16590189575195316,False,REGULAR,USD,SPY,2026-08-05,CALL,775.2100219726562,1.0010190503282368,2.3049999999999997,0.004338394793926348
SPY260805C00777000,2026-08-05 13:37:18+00:00,777.0,1.89,1.88,1.89,1.25,198.4127,36813.0,6953,0.16602396484375004,False,REGULAR,USD,SPY,2026-08-05,CALL,775.2100219726562,1.0023090233312373,1.8849999999999998,0.005305039787798413
SPY260805C00778000,2026-08-05 13:37:12+00:00,778.0,1.58,1.58,1.59,1.09,227.08333,19202.0,7056,0.17041845214843754,False,REGULAR,USD,SPY,2026-08-05,CALL,775.2100219726562,1.0035989963342375,1.585,0.006309148264984233
SPY260805C00779000,2026-08-05 13:37:13+00:00,779.0,1.28,1.27,1.28,0.9,243.24324,20117.0,6070,0.17090672851562502,False,REGULAR,USD,SPY,2026-08-05,CALL,775.2100219726562,1.0048889693372378,1.275,0.007843137254901968
SPY260805C00780000,2026-08-05 13:37:14+00:00,780.0,1.03,1.02,1.03,0.74,255.17245,34374.0,19209,0.17224948852539065,False,REGULAR,USD,SPY,2026-08-05,CALL,775.2100219726562,1.006178942340238,1.025,0.009756097560975618
SPY260805C00781000,2026-08-05 13:37:08+00:00,781.0,0.83,0.82,0.83,0.58,232.0,11886.0,8422,0.17432466308593753,False,REGULAR,USD,SPY,2026-08-05,CALL,775.2100219726562,1.0074689153432383,0.825,0.012121212121212133
SPY260805C00782000,2026-08-05 13:37:12+00:00,782.0,0.68,0.67,0.68,0.46,209.09091,15020.0,7190,0.17774259765625,False,REGULAR,USD,SPY,2026-08-05,CALL,775.2100219726562,1.0087588883462386,0.675,0.014814814814814828
SPY260805C00783000,2026-08-05 13:36:57+00:00,783.0,0.54,0.53,0.54,0.37,217.64703,10637.0,3581,0.179695703125,False,REGULAR,USD,SPY,2026-08-05,CALL,775.2100219726562,1.010048861349239,0.535,0.018691588785046745
SPY260805C00785000,2026-08-05 13:37:02+00:00,785.0,0.37,0.36,0.37,0.23,176.92307,11838.0,4820,0.18824053955078124,False,REGULAR,USD,SPY,2026-08-05,CALL,775.2100219726562,1.0126288073552396,0.365,0.02739726027397263
SPY260805C00787000,2026-08-05 13:36:59+00:00,787.0,0.26,0.26,0.27,0.14999999,136.36363,7986.0,4132,0.19947089599609374,False,REGULAR,USD,SPY,2026-08-05,CALL,775.2100219726562,1.0152087533612402,0.265,0.03773584905660381
SPY260805C00788000,2026-08-05 13:36:40+00:00,788.0,0.23,0.23,0.24,0.13,129.99998,4576.0,2472,0.20655090332031245,False,REGULAR,USD,SPY,2026-08-05,CALL,775.2100219726562,1.0164987263642404,0.235,0.042553191489361625
SPY260805C00789000,2026-08-05 13:37:03+00:00,789.0,0.2,0.2,0.21,0.1,90.909096,2929.0,1584,0.21265435791015624,False,REGULAR,USD,SPY,2026-08-05,CALL,775.2100219726562,1.017788699367241,0.20500000000000002,0.04878048780487795
SPY260805C00790000,2026-08-05 13:37:12+00:00,790.0,0.19,0.18,0.19,0.099999994,111.1111,6107.0,1674,0.22022264160156246,False,REGULAR,USD,SPY,2026-08-05,CALL,775.2100219726562,1.0190786723702412,0.185,0.054054054054054106
SPY260805C00791000,2026-08-05 13:35:51+00:00,791.0,0.17,0.17,0.18,0.1,166.66669,2459.0,1144,0.22901161621093752,False,REGULAR,USD,SPY,2026-08-05,CALL,775.2100219726562,1.0203686453732415,0.175,0.05714285714285704
SPY260805C00792000,2026-08-05 13:37:18+00:00,792.0,0.14,0.14,0.15,0.07,87.49999,3046.0,1570,0.23242955078125,False,REGULAR,USD,SPY,2026-08-05,CALL,775.2100219726562,1.0216586183762417,0.14500000000000002,0.06896551724137917
SPY260805C00793000,2026-08-05 13:35:53+00:00,793.0,0.14,0.13,0.14,0.060000002,85.714294,2116.0,1962,0.24024197265624997,False,REGULAR,USD,SPY,2026-08-05,CALL,775.2100219726562,1.022948591379242,0.135,0.07407407407407414
SPY260805C00794000,2026-08-05 13:37:08+00:00,794.0,0.12,0.12,0.13,0.049999997,71.428566,2761.0,1180,0.24805439453125,False,REGULAR,USD,SPY,2026-08-05,CALL,775.2100219726562,1.0242385643822425,0.125,0.08000000000000007
SPY260805C00800000,2026-08-05 13:36:54+00:00,800.0,0.08,0.08,0.09,0.029999997,59.999996,7840.0,2165,0.29395237304687494,False,REGULAR,USD,SPY,2026-08-05,CALL,775.2100219726562,1.0319784024002443,0.08499999999999999,0.11764705882352937
SPY260805C00805000,2026-08-05 13:36:28+00:00,805.0,0.06,0.06,0.07,0.009999998,19.999994,3173.0,1876,0.33008482421874996,False,REGULAR,USD,SPY,2026-08-05,CALL,775.2100219726562,1.0384282674152456,0.065,0.15384615384615397
SPY260805C00810000,2026-08-05 13:35:23+00:00,810.0,0.05,0.04,0.05,0.010000002,25.000004,1214.0,1549,0.35938140625,False,REGULAR,USD,SPY,2026-08-05,CALL,775.2100219726562,1.0448781324302472,0.045,0.22222222222222227
SPY260805C00815000,2026-08-05 13:33:43+00:00,815.0,0.04,0.03,0.04,0.01,33.333336,255.0,706,0.39258419921875,False,REGULAR,USD,SPY,2026-08-05,CALL,775.2100219726562,1.0513279974452487,0.035,0.28571428571428575
SPY260805C00820000,2026-08-05 13:35:59+00:00,820.0,0.02,0.02,0.03,-0.02,-50.0,371.0,867,0.42188078125,False,REGULAR,USD,SPY,2026-08-05,CALL,775.2100219726562,1.0577778624602503,0.025,0.3999999999999999
QQQ260805C00681000,2026-08-04 19:47:58+00:00,681.0,44.33,44.01,47.05,0.0,0.0,57.0,374,0.8684095190429688,True,REGULAR,USD,QQQ,2026-08-05,CALL,726.969970703125,0.9367649661530546,45.53,0.06676916318910606
QQQ260805C00685000,2026-08-04 20:14:01+00:00,685.0,39.47,39.24,41.75,0.0,0.0,91.0,874,1.0000000000000003e-05,True,REGULAR,USD,QQQ,2026-08-05,CALL,726.969970703125,0.942267256703146,40.495000000000005,0.0619829608593653
QQQ260805C00686000,2026-08-04 20:07:55+00:00,686.0,38.89,38.4,40.85,0.0,0.0,108.0,504,1.0000000000000003e-05,True,REGULAR,USD,QQQ,2026-08-05,CALL,726.969970703125,0.9436428293406688,39.625,0.0618296529968455
QQQ260805C00687000,2026-08-04 20:14:19+00:00,687.0,37.57,38.29,41.81,0.0,0.0,274.0,650,0.8964854101562498,True,REGULAR,USD,QQQ,2026-08-05,CALL,726.969970703125,0.9450184019781916,40.05,0.08789013732833965
QQQ260805C00689000,2026-08-04 20:10:02+00:00,689.0,35.42,36.3,39.74,0.0,0.0,59.0,440,0.8535170898437501,True,REGULAR,USD,QQQ,2026-08-05,CALL,726.969970703125,0.9477695472532374,38.019999999999996,0.09047869542346147
QQQ260805C00690000,2026-08-04 20:10:16+00:00,690.0,34.48,35.14,38.08,0.0,0.0,208.0,1522,0.7368190380859375,True,REGULAR,USD,QQQ,2026-08-05,CALL,726.969970703125,0.9491451198907602,36.61,0.08030592734225615
QQQ260805C00694000,2026-08-04 17:24:36+00:00,694.0,27.95,31.1,34.8,0.0,0.0,50.0,343,0.7775901147460937,True,REGULAR,USD,QQQ,2026-08-05,CALL,726.969970703125,0.9546474104408516,32.95,0.1122913505311076
QQQ260805C00696000,2026-08-04 20:08:30+00:00,696.0,28.64,29.16,32.24,0.0,0.0,71.0,646,0.6679720703125002,True,REGULAR,USD,QQQ,2026-08-05,CALL,726.969970703125,0.9573985557158973,30.700000000000003,0.10032573289902286
QQQ260805C00697000,2026-08-04 19:55:18+00:00,697.0,27.0,28.16,31.26,0.0,0.0,214.0,418,0.6547886083984377,True,REGULAR,USD,QQQ,2026-08-05,CALL,726.969970703125,0.9587741283534201,29.71,0.10434197239986541
QQQ260805C00698000,2026-08-04 20:07:56+00:00,698.0,26.5,26.68,28.67,0.0,0.0,272.0,666,1.0000000000000003e-05,True,REGULAR,USD,QQQ,2026-08-05,CALL,726.969970703125,0.9601497009909429,27.675,0.07190605239385735
QQQ260805C00699000,2026-08-04 19:45:36+00:00,699.0,26.6,26.19,29.26,0.0,0.0,524.0,664,0.622074091796875,True,REGULAR,USD,QQQ,2026-08-05,CALL,726.969970703125,0.9615252736284657,27.725,0.11073038773669973
QQQ260805C00702000,2026-08-04 19:54:59+00:00,702.0,22.3,23.0,23.32,0.0,0.0,654.0,598,1.0000000000000003e-05,True,REGULAR,USD,QQQ,2026-08-05,CALL,726.969970703125,0.9656519915410343,23.16,0.013816925734024191
QQQ260805C00705000,2026-08-04 20:14:29+00:00,705.0,20.01,19.95,20.16,0.0,0.0,3294.0,1972,1.0000000000000003e-05,True,REGULAR,USD,QQQ,2026-08-05,CALL,726.969970703125,0.9697787094536028,20.055,0.010471204188481718
QQQ260805C00709000,2026-08-04 19:47:29+00:00,709.0,16.84,16.09,16.34,0.0,0.0,1275.0,1198,1.0000000000000003e-05,True,REGULAR,USD,QQQ,2026-08-05,CALL,726.969970703125,0.9752810000036941,16.215,0.015417823003391921
QQQ260805C00713000,2026-08-05 13:34:05+00:00,713.0,14.11,14.02,14.32,1.4099998,11.102361,55.0,3199,0.26197027099609377,True,REGULAR,USD,QQQ,2026-08-05,CALL,726.969970703125,0.9807832905537855,14.17,0.021171489061397368
QQQ260805C00715000,2026-08-05 13:36:53+00:00,715.0,10.81,10.68,10.87,-0.03999996,-0.36866322,82.0,4182,1.0000000000000003e-05,True,REGULAR,USD,QQQ,2026-08-05,CALL,726.969970703125,0.9835344358288312,10.774999999999999,0.017633410672853785
QQQ260805C00716000,2026-08-05 13:37:08+00:00,716.0,10.03,9.96,10.16,-0.7800007,-7.215547,124.0,2630,1.0000000000000003e-05,True,REGULAR,USD,QQQ,2026-08-05,CALL,726.969970703125,0.984910008466354,10.06,0.019880715705765335
QQQ260805C00717000,2026-08-05 13:36:53+00:00,717.0,9.11,9.05,9.16,-0.8299999,-8.3501005,86.0,2958,1.0000000000000003e-05,True,REGULAR,USD,QQQ,2026-08-05,CALL,726.969970703125,0.9862855811038769,9.105,0.012081274025260783
QQQ260805C00718000,2026-08-05 13:36:29+00:00,718.0,8.41,8.4,8.5,0.25,3.0637255,290.0,2794,1.0000000000000003e-05,True,REGULAR,USD,QQQ,2026-08-05,CALL,726.969970703125,0.9876611537413997,8.45,0.011834319526627177
QQQ260805C00719000,2026-08-05 13:35:13+00:00,719.0,8.9,9.04,9.04,0.8699999,10.83437,125.0,1766,0.2514723291015625,True,REGULAR,USD,QQQ,2026-08-05,CALL,726.969970703125,0.9890367263789226,9.04,0.0
QQQ260805C00720000,2026-08-05 13:36:49+00:00,720.0,6.49,6.7,6.86,-0.94000006,-12.651415,2210.0,8075,1.0000000000000003e-05,True,REGULAR,USD,QQQ,2026-08-05,CALL,726.969970703125,0.9904122990164455,6.78,0.02359882005899707
QQQ260805C00721000,2026-08-05 13:36:57+00:00,721.0,6.11,5.74,5.79,-0.25999975,-4.081629,1395.0,3072,1.0000000000000003e-05,True,REGULAR,USD,QQQ,2026-08-05,CALL,726.969970703125,0.9917878716539682,5.765000000000001,0.008673026886383316
QQQ260805C00722000,2026-08-05 13:37:09+00:00,722.0,5.43,5.44,5.47,-0.4300003,-7.337889,1550.0,3104,0.1401453173828125,True,REGULAR,USD,QQQ,2026-08-05,CALL,726.969970703125,0.9931634442914911,5.455,0.005499541704857811
QQQ260805C00723000,2026-08-05 13:37:10+00:00,723.0,4.8,4.72,4.76,-0.42999983,-8.221794,777.0,2719,0.14771360107421877,True,REGULAR,USD,QQQ,2026-08-05,CALL,726.969970703125,0.9945390169290139,4.74,0.008438818565400852
QQQ260805C00724000,2026-08-05 13:37:11+00:00,724.0,4.24,4.24,4.25,-0.36000013,-7.8602653,3323.0,3413,0.1641929284667969,True,REGULAR,USD,QQQ,2026-08-05,CALL,726.969970703125,0.9959145895665368,4.245,0.002355712603062376
QQQ260805C00725000,2026-08-05 13:37:13+00:00,725.0,3.69,3.68,3.71,-0.46000004,-11.111111,6048.0,6707,0.1720053503417969,True,REGULAR,USD,QQQ,2026-08-05,CALL,726.969970703125,0.9972901622040596,3.6950000000000003,0.00811907983761835
QQQ260805C00726000,2026-08-05 13:37:18+00:00,726.0,3.17,3.15,3.17,-0.54999995,-14.905148,12176.0,2825,0.17517914672851562,True,REGULAR,USD,QQQ,2026-08-05,CALL,726.969970703125,0.9986657348415825,3.16,0.006329113924050638
QQQ260805C00727000,2026-08-05 13:37:14+00:00,727.0,2.7,2.68,2.69,-0.39999986,-12.903221,14386.0,2577,0.1782308740234375,False,REGULAR,USD,QQQ,2026-08-05,CALL,726.969970703125,1.0000413074791052,2.685,0.0037243947858472204
QQQ260805C00728000,2026-08-05 13:37:12+00:00,728.0,2.38,2.37,2.39,-0.3599999,-13.1868105,9806.0,1956,0.18933916137695314,False,REGULAR,USD,QQQ,2026-08-05,CALL,726.969970703125,1.001416880116628,2.38,0.008403361344537823
QQQ260805C00729000,2026-08-05 13:37:14+00:00,729.0,1.99,1.99,2.0,-0.31999993,-13.852811,7356.0,3082,0.1909260595703125,False,REGULAR,USD,QQQ,2026-08-05,CALL,726.969970703125,1.002792452754151,1.995,0.005012531328320806
QQQ260805C00730000,2026-08-05 13:37:19+00:00,730.0,1.7,1.7,1.72,-0.19999993,-10.416663,16176.0,7126,0.19678537597656248,False,REGULAR,USD,QQQ,2026-08-05,CALL,726.969970703125,1.0041680253916738,1.71,0.01169590643274855
QQQ260805C00731000,2026-08-05 13:37:03+00:00,731.0,1.41,1.41,1.43,-0.18000007,-11.392409,4045.0,1781,0.19898261962890623,False,REGULAR,USD,QQQ,2026-08-05,CALL,726.969970703125,1.0055435980291967,1.42,0.014084507042253534
QQQ260805C00732000,2026-08-05 13:37:12+00:00,732.0,1.26,1.26,1.27,-0.08000004,-6.060609,4606.0,2723,0.20813780151367184,False,REGULAR,USD,QQQ,2026-08-05,CALL,726.969970703125,1.0069191706667195,1.2650000000000001,0.007905138339920955
QQQ260805C00733000,2026-08-05 13:36:52+00:00,733.0,1.03,1.01,1.03,-0.13,-11.607142,2419.0,2270,0.2082598706054687,False,REGULAR,USD,QQQ,2026-08-05,CALL,726.969970703125,1.0082947433042424,1.02,0.01960784313725492
QQQ260805C00734000,2026-08-05 13:37:09+00:00,734.0,0.9,0.89,0.9,-0.120000005,-11.881188,4095.0,2309,0.2153398779296875,False,REGULAR,USD,QQQ,2026-08-05,CALL,726.969970703125,1.0096703159417653,0.895,0.011173184357541908
QQQ260805C00735000,2026-08-05 13:37:12+00:00,735.0,0.76,0.75,0.76,-0.060000002,-7.3170733,10750.0,5024,0.21949022705078125,False,REGULAR,USD,QQQ,2026-08-05,CALL,726.969970703125,1.0110458885792881,0.755,0.013245033112582794
QQQ260805C00736000,2026-08-05 13:37:04+00:00,736.0,0.62,0.61,0.62,-0.089999974,-12.676053,2935.0,1418,0.2210771252441406,False,REGULAR,USD,QQQ,2026-08-05,CALL,726.969970703125,1.0124214612168108,0.615,0.016260162601626032
QQQ260805C00737000,2026-08-05 13:37:12+00:00,737.0,0.54,0.54,0.55,-0.089999974,-14.062496,3087.0,2071,0.22876747802734376,False,REGULAR,USD,QQQ,2026-08-05,CALL,726.969970703125,1.0137970338543336,0.545,0.018348623853211024
QQQ260805C00738000,2026-08-05 13:36:59+00:00,738.0,0.44,0.44,0.45,-0.100000024,-18.181822,2938.0,2051,0.23072058349609376,False,REGULAR,USD,QQQ,2026-08-05,CALL,726.969970703125,1.0151726064918565,0.445,0.02247191011235957
QQQ260805C00739000,2026-08-05 13:36:58+00:00,739.0,0.37,0.35,0.36,-0.13,-26.0,3289.0,967,0.231452998046875,False,REGULAR,USD,QQQ,2026-08-05,CALL,726.969970703125,1.0165481791293793,0.355,0.028169014084507067
QQQ260805C00740000,2026-08-05 13:37:13+00:00,740.0,0.34,0.33,0.34,-0.09,-20.930233,7347.0,4959,0.242195078125,False,REGULAR,USD,QQQ,2026-08-05,CALL,726.969970703125,1.0179237517669022,0.335,0.02985074626865674
QQQ260805C00741000,2026-08-05 13:37:02+00:00,741.0,0.27,0.28,0.29,-0.119999975,-30.769224,1958.0,1162,0.24658956542968752,False,REGULAR,USD,QQQ,2026-08-05,CALL,726.969970703125,1.019299324404425,0.28500000000000003,0.035087719298245446
QQQ260805C00742000,2026-08-05 13:37:03+00:00,742.0,0.24,0.24,0.25,-0.09000002,-27.272732,1543.0,1628,0.2514723291015625,False,REGULAR,USD,QQQ,2026-08-05,CALL,726.969970703125,1.020674897041948,0.245,0.04081632653061228
QQQ260805C00743000,2026-08-05 13:37:18+00:00,743.0,0.22,0.21,0.22,-0.09,-29.999998,2320.0,1443,0.2573316455078125,False,REGULAR,USD,QQQ,2026-08-05,CALL,726.969970703125,1.0220504696794708,0.215,0.046511627906976785
QQQ260805C00744000,2026-08-05 13:36:38+00:00,744.0,0.19,0.19,0.2,-0.08000001,-29.629631,533.0,751,0.264655791015625,False,REGULAR,USD,QQQ,2026-08-05,CALL,726.969970703125,1.0234260423169936,0.195,0.05128205128205133
QQQ260805C00745000,2026-08-05 13:36:54+00:00,745.0,0.16,0.16,0.17,-0.09,-36.0,1137.0,2549,0.26856200195312496,False,REGULAR,USD,QQQ,2026-08-05,CALL,726.969970703125,1.0248016149545165,0.165,0.060606060606060656
QQQ260805C00746000,2026-08-05 13:36:08+00:00,746.0,0.19,0.18,0.2,-0.049999997,-20.833332,469.0,495,0.2890696093749999,False,REGULAR,USD,QQQ,2026-08-05,CALL,726.969970703125,1.0261771875920394,0.19,0.10526315789473693
QQQ260805C00747000,2026-08-05 13:36:51+00:00,747.0,0.12,0.13,0.14,-0.1,-45.454544,448.0,298,0.282233740234375,False,REGULAR,USD,QQQ,2026-08-05,CALL,726.969970703125,1.0275527602295622,0.135,0.07407407407407414
QQQ260805C00748000,2026-08-05 13:36:05+00:00,748.0,0.15,0.14,0.16,-0.059999987,-28.571423,427.0,685,0.3002999658203125,False,REGULAR,USD,QQQ,2026-08-05,CALL,726.969970703125,1.0289283328670848,0.15000000000000002,0.13333333333333325
QQQ260805C00749000,2026-08-05 13:35:40+00:00,749.0,0.13,0.13,0.14,-0.050000012,-27.777782,349.0,956,0.304694453125,False,REGULAR,USD,QQQ,2026-08-05,CALL,726.969970703125,1.0303039055046077,0.135,0.07407407407407414
QQQ260805C00750000,2026-08-05 13:37:20+00:00,750.0,0.1,0.09,0.1,-0.07,-41.17647,2906.0,2999,0.29883513671874995,False,REGULAR,USD,QQQ,2026-08-05,CALL,726.969970703125,1.0316794781421306,0.095,0.10526315789473693
QQQ260805C00755000,2026-08-05 13:36:24+00:00,755.0,0.07,0.06,0.07,-0.059999995,-46.153843,3271.0,921,0.33399103515625,False,REGULAR,USD,QQQ,2026-08-05,CALL,726.969970703125,1.0385573413297449,0.065,0.15384615384615397
QQQ260805C00760000,2026-08-05 13:35:52+00:00,760.0,0.05,0.04,0.05,-0.05,-55.555553,1182.0,4157,0.367193828125,False,REGULAR,USD,QQQ,2026-08-05,CALL,726.969970703125,1.045435204517359,0.045,0.22222222222222227
QQQ260805C00765000,2026-08-05 13:35:39+00:00,765.0,0.03,0.03,0.04,-0.03,-50.0,881.0,1077,0.4023497265625,False,REGULAR,USD,QQQ,2026-08-05,CALL,726.969970703125,1.0523130677049732,0.035,0.28571428571428575
QQQ260805C00770000,2026-08-05 13:34:50+00:00,770.0,0.03,0.02,0.03,-0.04,-66.66667,476.0,1867,0.4335994140625,False,REGULAR,USD,QQQ,2026-08-05,CALL,726.969970703125,1.0591909308925875,0.025,0.3999999999999999
QQQ260805C00780000,2026-08-05 13:36:48+00:00,780.0,0.02,0.02,0.03,-0.030000001,-60.0,921.0,272,0.507817421875,False,REGULAR,USD,QQQ,2026-08-05,CALL,726.969970703125,1.072946657267816,0.025,0.3999999999999999
IWM260805C00290000,2026-08-04 19:42:17+00:00,290.0,12.33,11.64,11.96,0.0,0.0,79.0,948,1.0000000000000003e-05,True,REGULAR,USD,IWM,2026-08-05,CALL,302.3699951171875,0.9590898722857956,11.8,0.027118644067796634
IWM260805C00294000,2026-08-04 19:48:47+00:00,294.0,8.27,7.78,8.04,0.0,0.0,220.0,1197,1.0000000000000003e-05,True,REGULAR,USD,IWM,2026-08-05,CALL,302.3699951171875,0.9723186981104273,7.91,0.03286978508217432
IWM260805C00295000,2026-08-04 20:01:19+00:00,295.0,6.96,6.78,7.05,0.0,0.0,2198.0,3071,1.0000000000000003e-05,True,REGULAR,USD,IWM,2026-08-05,CALL,302.3699951171875,0.9756259045665852,6.915,0.03904555314533616
IWM260805C00298000,2026-08-04 20:09:24+00:00,298.0,4.18,3.88,4.01,0.0,0.0,3779.0,1291,1.0000000000000003e-05,True,REGULAR,USD,IWM,2026-08-05,CALL,302.3699951171875,0.985547523935059,3.945,0.03295310519645118
IWM260805C00300000,2026-08-05 13:35:18+00:00,300.0,2.23,2.27,2.33,-0.30999994,-12.204722,296.0,2720,1.0000000000000003e-05,True,REGULAR,USD,IWM,2026-08-05,CALL,302.3699951171875,0.9921619368473747,2.3,0.026086956521739157
IWM260805C00301000,2026-08-05 13:37:11+00:00,301.0,1.62,1.61,1.64,-0.20000005,-10.989013,170.0,1329,0.12207909179687501,True,REGULAR,USD,IWM,2026-08-05,CALL,302.3699951171875,0.9954691433035326,1.625,0.018461538461538342
IWM260805C00302000,2026-08-05 13:36:50+00:00,302.0,1.03,1.02,1.05,-0.18000007,-14.876039,1260.0,2965,0.13501841552734378,True,REGULAR,USD,IWM,2026-08-05,CALL,302.3699951171875,0.9987763497596905,1.0350000000000001,0.028985507246376833
IWM260805C00303000,2026-08-05 13:36:52+00:00,303.0,0.61,0.61,0.62,-0.13,-17.567568,3159.0,877,0.14234256103515625,False,REGULAR,USD,IWM,2026-08-05,CALL,302.3699951171875,1.0020835562158485,0.615,0.016260162601626032
IWM260805C00304000,2026-08-05 13:36:53+00:00,304.0,0.35,0.35,0.36,-0.09,-20.454546,2447.0,951,0.15235222656250003,False,REGULAR,USD,IWM,2026-08-05,CALL,302.3699951171875,1.0053907626720064,0.355,0.028169014084507067
IWM260805C00305000,2026-08-05 13:37:02+00:00,305.0,0.19,0.19,0.2,-0.06999999,-26.923075,1678.0,1532,0.1601646484375,False,REGULAR,USD,IWM,2026-08-05,CALL,302.3699951171875,1.0086979691281643,0.195,0.05128205128205133
IWM260805C00306000,2026-08-05 13:36:33+00:00,306.0,0.09,0.09,0.1,-0.049999997,-35.714283,2300.0,919,0.165047412109375,False,REGULAR,USD,IWM,2026-08-05,CALL,302.3699951171875,1.0120051755843222,0.095,0.10526315789473693
IWM260805C00307000,2026-08-05 13:34:45+00:00,307.0,0.06,0.05,0.06,-0.030000005,-33.333336,1790.0,654,0.17774259765625,False,REGULAR,USD,IWM,2026-08-05,CALL,302.3699951171875,1.0153123820404801,0.055,0.18181818181818174
IWM260805C00308000,2026-08-05 13:35:58+00:00,308.0,0.04,0.03,0.04,-0.02,-33.333336,198.0,112,0.1914143359375,False,REGULAR,USD,IWM,2026-08-05,CALL,302.3699951171875,1.018619588496638,0.035,0.28571428571428575
IWM260805C00310000,2026-08-05 13:34:05+00:00,310.0,0.04,0.03,0.04,0.0,0.0,73.0,1233,0.2461012890625,False,REGULAR,USD,IWM,2026-08-05,CALL,302.3699951171875,1.0252340014089538,0.035,0.28571428571428575
DIA260807C00510000,2026-08-04 16:44:35+00:00,510.0,31.15,34.65,35.0,0.0,0.0,321.0,284,0.3881897119140625,True,REGULAR,USD,DIA,2026-08-07,CALL,544.780029296875,0.9361576646967692,34.825,0.010050251256281447
DIA260807C00525000,2026-08-04 19:36:21+00:00,525.0,16.79,20.15,20.5,0.0,0.0,195.0,1269,0.31690136230468746,True,REGULAR,USD,DIA,2026-08-07,CALL,544.780029296875,0.9636917136584389,20.325,0.01722017220172209
DIA260807C00528000,2026-08-04 20:00:43+00:00,528.0,13.24,17.3,17.7,0.0,0.0,216.0,320,0.30152065673828127,True,REGULAR,USD,DIA,2026-08-07,CALL,544.780029296875,0.9691985234507728,17.5,0.022857142857142777
DIA260807C00529000,2026-08-04 19:58:57+00:00,529.0,12.25,15.65,16.05,0.0,0.0,267.0,893,0.20972469970703123,True,REGULAR,USD,DIA,2026-08-07,CALL,544.780029296875,0.9710341267148841,15.850000000000001,0.02523659305993693
DIA260807C00530000,2026-08-04 19:56:25+00:00,530.0,11.25,14.85,15.25,0.0,0.0,140.0,301,0.22754678710937498,True,REGULAR,USD,DIA,2026-08-07,CALL,544.780029296875,0.9728697299789955,15.05,0.026578073089701018
DIA260807C00531000,2026-08-04 19:19:53+00:00,531.0,11.0,14.25,14.6,0.0,0.0,122.0,287,0.25318129638671877,True,REGULAR,USD,DIA,2026-08-07,CALL,544.780029296875,0.9747053332431067,14.425,0.02426343154246098
DIA260807C00533000,2026-08-04 19:53:49+00:00,533.0,8.8,12.0,12.35,0.0,0.0,451.0,1275,0.20288883056640622,True,REGULAR,USD,DIA,2026-08-07,CALL,544.780029296875,0.9783765397713293,12.175,0.028747433264887032
DIA260807C00534000,2026-08-04 19:17:10+00:00,534.0,8.31,11.45,11.8,0.0,0.0,96.0,305,0.2304764453125,True,REGULAR,USD,DIA,2026-08-07,CALL,544.780029296875,0.9802121430354407,11.625,0.030107526881720553
DIA260807C00536000,2026-08-04 19:59:49+00:00,536.0,5.9,9.3,9.65,0.0,0.0,166.0,1075,0.1905598522949219,True,REGULAR,USD,DIA,2026-08-07,CALL,544.780029296875,0.9838833495636633,9.475000000000001,0.036939313984168824
DIA260807C00538000,2026-08-04 19:53:50+00:00,538.0,4.79,7.6,7.95,0.0,0.0,482.0,775,0.18311363769531247,True,REGULAR,USD,DIA,2026-08-07,CALL,544.780029296875,0.9875545560918859,7.775,0.04501607717041807
DIA260807C00545000,2026-08-05 13:36:53+00:00,545.0,3.15,3.1,3.25,1.71,118.74999,159.0,583,0.17041845214843754,False,REGULAR,USD,DIA,2026-08-07,CALL,544.780029296875,1.000403778940665,3.175,0.04724409448818895
GLD260805C00372000,2026-08-05 13:31:43+00:00,372.0,13.02,12.55,13.6,9.72,294.54544,78.0,303,0.6206092626953126,True,REGULAR,USD,GLD,2026-08-05,CALL,384.6293029785156,0.9671650004804209,13.075,0.08030592734225614
GLD260805C00375000,2026-08-05 13:37:08+00:00,375.0,9.92,9.7,10.2,8.57,634.81464,273.0,1017,0.43335527587890627,True,REGULAR,USD,GLD,2026-08-05,CALL,384.6293029785156,0.9749647182262307,9.95,0.05025125628140704
GLD260805C00376000,2026-08-05 13:34:10+00:00,376.0,9.3,8.8,9.7,8.31,839.39417,66.0,656,0.5017139672851563,True,REGULAR,USD,GLD,2026-08-05,CALL,384.6293029785156,0.9775646241415007,9.25,0.09729729729729715
GLD260805C00377000,2026-08-05 13:37:02+00:00,377.0,7.85,7.8,8.25,7.09,932.895,99.0,898,0.37964487548828124,True,REGULAR,USD,GLD,2026-08-05,CALL,384.6293029785156,0.9801645300567706,8.025,0.05607476635514021
GLD260805C00378000,2026-08-05 13:35:26+00:00,378.0,7.24,6.7,7.5,6.7599998,1408.3333,181.0,831,0.3930724755859375,True,REGULAR,USD,GLD,2026-08-05,CALL,384.6293029785156,0.9827644359720406,7.1,0.11267605633802814
GLD260805C00379000,2026-08-05 13:34:36+00:00,379.0,6.58,6.1,6.65,6.27,2022.581,129.0,655,0.3815979809570312,True,REGULAR,USD,GLD,2026-08-05,CALL,384.6293029785156,0.9853643418873105,6.375,0.08627450980392168
GLD260805C00380000,2026-08-05 13:36:39+00:00,380.0,4.9,4.9,5.4,4.62,1649.9988,590.0,1419,0.3020089331054688,True,REGULAR,USD,GLD,2026-08-05,CALL,384.6293029785156,0.9879642478025804,5.15,0.0970873786407767
GLD260805C00384000,2026-08-05 13:36:13+00:00,384.0,1.95,1.59,1.85,1.87,2337.4988,240.0,458,0.18872881591796875,True,REGULAR,USD,GLD,2026-08-05,CALL,384.6293029785156,0.9983638714636602,1.7200000000000002,0.1511627906976744
GLD260805C00385000,2026-08-05 13:34:13+00:00,385.0,1.36,1.37,1.55,1.3000001,2166.6687,92.0,201,0.21509573974609375,False,REGULAR,USD,GLD,2026-08-05,CALL,384.6293029785156,1.0009637773789302,1.46,0.12328767123287668
GLD260805C00386000,2026-08-05 13:35:08+00:00,386.0,0.99,0.86,1.02,0.84000003,560.00006,337.0,206,0.2004474487304687,False,REGULAR,USD,GLD,2026-08-05,CALL,384.6293029785156,1.0035636832942,0.94,0.17021276595744686
GLD260805C00388000,2026-08-05 13:36:39+00:00,388.0,0.32,0.28,0.39,0.26999998,539.9998,94.0,201,0.18775226318359373,False,REGULAR,USD,GLD,2026-08-05,CALL,384.6293029785156,1.00876349512474,0.335,0.32835820895522383
GLD260805C00390000,2026-08-05 13:34:05+00:00,390.0,0.17,0.15,0.19,0.15,750.0002,164.0,253,0.20410952148437497,False,REGULAR,USD,GLD,2026-08-05,CALL,384.6293029785156,1.01396330695528,0.16999999999999998,0.2352941176470589
SLV260805C00050500,2026-08-04 18:58:45+00:00,50.5,3.39,5.4,5.6,0.0,0.0,135.0,102,1.1640666796875,True,REGULAR,USD,SLV,2026-08-05,CALL,56.041900634765625,0.9011114795894751,5.5,0.03636363636363624
SLV260805C00051000,2026-08-04 19:39:24+00:00,51.0,2.9,4.85,5.05,0.0,0.0,414.0,275,0.7812521875,True,REGULAR,USD,SLV,2026-08-05,CALL,56.041900634765625,0.9100333754269947,4.949999999999999,0.04040404040404045
SLV260805C00051500,2026-08-04 19:47:27+00:00,51.5,2.41,4.35,4.55,0.0,0.0,222.0,416,0.7187528125,True,REGULAR,USD,SLV,2026-08-05,CALL,56.041900634765625,0.9189552712645143,4.449999999999999,0.04494382022471915
SLV260805C00053000,2026-08-05 13:35:08+00:00,53.0,2.92,2.98,3.05,1.9200001,192.0,130.0,2501,0.500005,True,REGULAR,USD,SLV,2026-08-05,CALL,56.041900634765625,0.945720958777073,3.0149999999999997,0.023217247097844063
SLV260805C00053500,2026-08-05 13:35:56+00:00,53.5,2.5,2.47,2.59,1.86,269.56525,83.0,2148,0.585941640625,True,REGULAR,USD,SLV,2026-08-05,CALL,56.041900634765625,0.9546428546145925,2.5300000000000002,0.04743083003952556
SLV260805C00054000,2026-08-05 13:36:49+00:00,54.0,1.88,1.95,1.95,1.48,370.00003,800.0,2656,1.0000000000000003e-05,True,REGULAR,USD,SLV,2026-08-05,CALL,56.041900634765625,0.9635647504521121,1.95,0.0
SLV260805C00054500,2026-08-05 13:37:12+00:00,54.5,1.49,1.43,1.55,1.26,572.7272,1394.0,2505,0.273444765625,True,REGULAR,USD,SLV,2026-08-05,CALL,56.041900634765625,0.9724866462896317,1.49,0.08053691275167793
SLV260805C00055000,2026-08-05 13:35:23+00:00,55.0,1.03,1.04,1.08,0.90999997,758.3333,1357.0,2763,0.27735097656249996,True,REGULAR,USD,SLV,2026-08-05,CALL,56.041900634765625,0.9814085421271512,1.06,0.03773584905660381
SLV260805C00055500,2026-08-05 13:34:44+00:00,55.5,0.67,0.63,0.69,0.6,857.143,529.0,939,0.304694453125,True,REGULAR,USD,SLV,2026-08-05,CALL,56.041900634765625,0.9903304379646707,0.6599999999999999,0.09090909090909083
SLV260805C00056000,2026-08-05 13:36:50+00:00,56.0,0.31,0.31,0.33,0.27,675.0002,648.0,1608,0.26367923828125,True,REGULAR,USD,SLV,2026-08-05,CALL,56.041900634765625,0.9992523338021903,0.32,0.06250000000000006
SLV260805C00056500,2026-08-05 13:35:05+00:00,56.5,0.15,0.14,0.16,0.13000001,650.0002,858.0,692,0.2910227148437499,False,REGULAR,USD,SLV,2026-08-05,CALL,56.041900634765625,1.0081742296397098,0.15000000000000002,0.13333333333333325
SLV260805C00057000,2026-08-05 13:37:06+00:00,57.0,0.06,0.05,0.06,0.049999997,499.99988,850.0,466,0.29492892578124996,False,REGULAR,USD,SLV,2026-08-05,CALL,56.041900634765625,1.0170961254772295,0.055,0.18181818181818174
TLT260805C00082000,2026-08-04 20:00:00+00:00,82.0,0.86,0.88,0.96,0.0,0.0,1227.0,993,0.23438265625,True,REGULAR,USD,TLT,2026-08-05,CALL,82.84500122070312,0.9898002147594639,0.9199999999999999,0.0869565217391304
TLT260805C00082500,2026-08-05 13:35:40+00:00,82.5,0.43,0.43,0.47,-0.06999999,-13.207546,526.0,4638,0.15235222656250003,True,REGULAR,USD,TLT,2026-08-05,CALL,82.84500122070312,0.9958355819226313,0.44999999999999996,0.08888888888888885
TLT260805C00083000,2026-08-05 13:34:48+00:00,83.0,0.1,0.09,0.1,-0.059999995,-37.499996,575.0,5494,0.09571216796875001,False,REGULAR,USD,TLT,2026-08-05,CALL,82.84500122070312,1.0018709490857989,0.095,0.10526315789473693
HYG260807C00079000,2026-08-04 19:43:49+00:00,79.0,0.62,0.43,0.66,0.0,0.0,507.0,1668,0.129891513671875,True,REGULAR,USD,HYG,2026-08-07,CALL,79.4800033569336,0.9939607028603413,0.545,0.42201834862385323
HYG260807C00079500,2026-08-04 19:55:55+00:00,79.5,0.14,0.1,0.12,0.0,0.0,1055.0,1707,0.04493142578125,False,REGULAR,USD,HYG,2026-08-07,CALL,79.4800033569336,1.0002515933847738,0.11,0.18181818181818174
AAPL260805C00295000,2026-08-04 19:57:27+00:00,295.0,14.22,11.7,13.0,0.0,0.0,1039.0,258,0.47559118164062497,True,REGULAR,USD,AAPL,2026-08-05,CALL,307.8800048828125,0.9581655038373961,12.35,0.1052631578947369
AAPL260805C00297500,2026-08-04 19:44:17+00:00,297.5,12.76,8.95,11.45,0.0,0.0,350.0,346,0.7094755615234375,True,REGULAR,USD,AAPL,2026-08-05,CALL,307.8800048828125,0.9662855504800859,10.2,0.2450980392156863
AAPL260805C00300000,2026-08-05 13:36:43+00:00,300.0,7.0,6.25,6.8,-2.8199997,-28.716902,56.0,1690,1.0000000000000003e-05,True,REGULAR,USD,AAPL,2026-08-05,CALL,307.8800048828125,0.9744055971227756,6.525,0.08429118773946356
AAPL260805C00302500,2026-08-05 13:36:36+00:00,302.5,4.7,4.0,4.35,-2.7000003,-36.48649,60.0,1667,1.0000000000000003e-05,True,REGULAR,USD,AAPL,2026-08-05,CALL,307.8800048828125,0.9825256437654655,4.175,0.08383233532934124
AAPL260805C00305000,2026-08-05 13:37:09+00:00,305.0,2.35,2.19,2.36,-2.7000003,-53.46535,688.0,11869,1.0000000000000003e-05,True,REGULAR,USD,AAPL,2026-08-05,CALL,307.8800048828125,0.9906456904081552,2.275,0.0747252747252747
AAPL260805C00307500,2026-08-05 13:37:19+00:00,307.5,1.13,1.08,1.16,-2.0700002,-64.6875,1427.0,7944,0.15015498291015628,True,REGULAR,USD,AAPL,2026-08-05,CALL,307.8800048828125,0.998765737050845,1.12,0.07142857142857129
AAPL260805C00310000,2026-08-05 13:37:28+00:00,310.0,0.47,0.45,0.48,-1.3399999,-73.626366,5538.0,11626,0.19727365234375,False,REGULAR,USD,AAPL,2026-08-05,CALL,307.8800048828125,1.0068857836935348,0.46499999999999997,0.06451612903225801
AAPL260805C00312500,2026-08-05 13:37:22+00:00,312.5,0.21,0.2,0.21,-0.77000004,-78.571434,5021.0,9774,0.23535920898437498,False,REGULAR,USD,AAPL,2026-08-05,CALL,307.8800048828125,1.0150058303362246,0.20500000000000002,0.04878048780487795
AAPL260805C00315000,2026-08-05 13:37:23+00:00,315.0,0.09,0.08,0.09,-0.45000002,-81.81818,5620.0,11008,0.26563234375,False,REGULAR,USD,AAPL,2026-08-05,CALL,307.8800048828125,1.0231258769789144,0.08499999999999999,0.11764705882352937
AAPL260805C00317500,2026-08-05 13:36:57+00:00,317.5,0.05,0.04,0.05,-0.23,-85.18518,1527.0,4810,0.304694453125,False,REGULAR,USD,AAPL,2026-08-05,CALL,307.8800048828125,1.0312459236216043,0.045,0.22222222222222227
AAPL260805C00322500,2026-08-05 13:35:13+00:00,322.5,0.02,0.02,0.03,-0.06,-66.66667,470.0,3175,0.398443515625,False,REGULAR,USD,AAPL,2026-08-05,CALL,307.8800048828125,1.0474860169069837,0.025,0.3999999999999999
MSFT260805C00455000,2026-08-04 19:55:01+00:00,455.0,38.46,37.5,40.2,0.0,0.0,76.0,422,1.6970229992675785,True,REGULAR,USD,MSFT,2026-08-05,CALL,488.8949890136719,0.9306702057183,38.85,0.06949806949806957
MSFT260805C00460000,2026-08-04 19:55:00+00:00,460.0,33.7,31.9,35.0,0.0,0.0,73.0,431,1.4846217175292966,True,REGULAR,USD,MSFT,2026-08-05,CALL,488.8949890136719,0.9408973508360835,33.45,0.09267563527653218
MSFT260805C00470000,2026-08-04 19:55:00+00:00,470.0,24.37,21.55,24.35,0.0,0.0,600.0,3033,1.1010787133789064,True,REGULAR,USD,MSFT,2026-08-05,CALL,488.8949890136719,0.9613516410716505,22.950000000000003,0.12200435729847496
MSFT260805C00472500,2026-08-04 19:01:25+00:00,472.5,24.08,20.25,22.9,0.0,0.0,103.0,1146,1.1535686853027345,True,REGULAR,USD,MSFT,2026-08-05,CALL,488.8949890136719,0.9664652136305423,21.575,0.12282734646581686
MSFT260805C00477500,2026-08-04 19:55:01+00:00,477.5,16.42,15.0,18.3,0.0,0.0,66.0,374,0.9842530871582031,True,REGULAR,USD,MSFT,2026-08-05,CALL,488.8949890136719,0.9766923587483258,16.65,0.19819819819819826
MSFT260805C00482500,2026-08-04 19:50:21+00:00,482.5,13.69,10.15,11.85,0.0,0.0,620.0,396,0.7263210961914062,True,REGULAR,USD,MSFT,2026-08-05,CALL,488.8949890136719,0.9869195038661093,11.0,0.15454545454545449
MSFT260805C00485000,2026-08-05 13:36:34+00:00,485.0,9.0,8.15,8.8,-0.39999962,-4.2553153,55.0,815,0.6232947827148438,True,REGULAR,USD,MSFT,2026-08-05,CALL,488.8949890136719,0.992033076425001,8.475000000000001,0.07669616519174044
MSFT260805C00492500,2026-08-05 13:37:06+00:00,492.5,3.3,3.25,3.45,-1.1299999,-25.507898,782.0,1756,0.49268085449218757,False,REGULAR,USD,MSFT,2026-08-05,CALL,488.8949890136719,1.0073737941016763,3.35,0.05970149253731349
MSFT260805C00495000,2026-08-05 13:36:53+00:00,495.0,2.17,2.0,2.18,-1.1299999,-34.24242,469.0,3622,0.4480035668945312,False,REGULAR,USD,MSFT,2026-08-05,CALL,488.8949890136719,1.012487366660568,2.09,0.08612440191387569
MSFT260805C00497500,2026-08-05 13:36:58+00:00,497.5,1.34,1.2,1.36,-0.93999994,-41.228065,730.0,3048,0.4255428540039063,False,REGULAR,USD,MSFT,2026-08-05,CALL,488.8949890136719,1.0176009392194598,1.28,0.1250000000000001
MSFT260805C00500000,2026-08-05 13:37:21+00:00,500.0,0.76,0.76,0.8,-0.72,-48.648647,6621.0,9628,0.40869731933593745,False,REGULAR,USD,MSFT,2026-08-05,CALL,488.8949890136719,1.0227145117783516,0.78,0.05128205128205133
MSFT260805C00505000,2026-08-05 13:37:06+00:00,505.0,0.26,0.25,0.29,-0.44,-62.857143,879.0,3048,0.405279384765625,False,REGULAR,USD,MSFT,2026-08-05,CALL,488.8949890136719,1.0329416568961352,0.27,0.14814814814814806
MSFT260805C00510000,2026-08-05 13:37:11+00:00,510.0,0.11,0.1,0.11,-0.19000001,-65.51724,2966.0,10080,0.41699801757812494,False,REGULAR,USD,MSFT,2026-08-05,CALL,488.8949890136719,1.0431688020139187,0.10500000000000001,0.09523809523809518
MSFT260805C00515000,2026-08-05 13:36:06+00:00,515.0,0.04,0.04,0.06,-0.1,-58.82353,103.0,1323,0.45313046875,False,REGULAR,USD,MSFT,2026-08-05,CALL,488.8949890136719,1.053395947131702,0.05,0.3999999999999999
MSFT260805C00520000,2026-08-05 13:33:10+00:00,520.0,0.06,0.02,0.03,0.0,0.0,63.0,809,0.4804739453125,False,REGULAR,USD,MSFT,2026-08-05,CALL,488.8949890136719,1.0636230922494856,0.025,0.3999999999999999
NVDA260805C00190000,2026-08-04 19:52:36+00:00,190.0,22.79,29.2,29.6,0.0,0.0,219.0,841,1.0000000000000003e-05,True,REGULAR,USD,NVDA,2026-08-05,CALL,219.8300018310547,0.8643042278916058,29.4,0.01360544217687082
NVDA260805C00202500,2026-08-05 13:36:46+00:00,202.5,16.5,16.85,17.25,7.0,73.68421,54.0,4095,1.0000000000000003e-05,True,REGULAR,USD,NVDA,2026-08-05,CALL,219.8300018310547,0.9211663481476324,17.05,0.023460410557184667
NVDA260805C00205000,2026-08-05 13:34:58+00:00,205.0,13.51,13.75,14.05,6.34,88.42399,660.0,6199,1.0000000000000003e-05,True,REGULAR,USD,NVDA,2026-08-05,CALL,219.8300018310547,0.9325387721988377,13.9,0.02158273381294969
NVDA260805C00207500,2026-08-05 13:37:19+00:00,207.5,11.92,11.95,12.4,6.92,138.4,204.0,9257,0.6015664843750002,True,REGULAR,USD,NVDA,2026-08-05,CALL,219.8300018310547,0.9439111962500432,12.175,0.03696098562628345
NVDA260805C00210000,2026-08-05 13:37:13+00:00,210.0,9.51,9.3,9.75,6.3900003,204.80772,1398.0,20168,1.0000000000000003e-05,True,REGULAR,USD,NVDA,2026-08-05,CALL,219.8300018310547,0.9552836203012485,9.525,0.0472440944881889
NVDA260805C00212500,2026-08-05 13:37:06+00:00,212.5,7.15,6.9,7.2,5.4300003,315.69772,4870.0,26376,1.0000000000000003e-05,True,REGULAR,USD,NVDA,2026-08-05,CALL,219.8300018310547,0.9666560443524538,7.050000000000001,0.04255319148936167
NVDA260805C00215000,2026-08-05 13:37:28+00:00,215.0,5.0,4.85,5.0,4.16,495.238,12406.0,28609,0.335944140625,True,REGULAR,USD,NVDA,2026-08-05,CALL,219.8300018310547,0.9780284684036591,4.925,0.030456852791878247
NVDA260805C00217500,2026-08-05 13:37:31+00:00,217.5,3.05,3.05,3.1,2.67,702.63184,22754.0,14858,0.37256486816406253,True,REGULAR,USD,NVDA,2026-08-05,CALL,219.8300018310547,0.9894008924548645,3.075,0.0162601626016261
NVDA260805C00220000,2026-08-05 13:37:33+00:00,220.0,1.65,1.65,1.66,1.48,822.2225,67381.0,27949,0.38184211914062494,False,REGULAR,USD,NVDA,2026-08-05,CALL,219.8300018310547,1.0007733165060697,1.6549999999999998,0.006042296072507559
NVDA260805C00222500,2026-08-05 13:37:32+00:00,222.5,0.8,0.8,0.83,0.71000004,788.8891,28659.0,7837,0.4062559375,False,REGULAR,USD,NVDA,2026-08-05,CALL,219.8300018310547,1.0121457405572751,0.815,0.036809815950920144
NVDA260805C00225000,2026-08-05 13:37:32+00:00,225.0,0.39,0.38,0.39,0.32999998,550.0,25261.0,9698,0.43066975585937506,False,REGULAR,USD,NVDA,2026-08-05,CALL,219.8300018310547,1.0235181646084806,0.385,0.025974025974025997
NVDA260805C00227500,2026-08-05 13:37:23+00:00,227.5,0.19,0.18,0.19,0.15,375.0001,9122.0,2653,0.46289599609375004,False,REGULAR,USD,NVDA,2026-08-05,CALL,219.8300018310547,1.0348905886596858,0.185,0.054054054054054106
NVDA260805C00230000,2026-08-05 13:37:10+00:00,230.0,0.09,0.09,0.1,0.07000001,350.00012,5493.0,4129,0.500005,False,REGULAR,USD,NVDA,2026-08-05,CALL,219.8300018310547,1.0462630127108912,0.095,0.10526315789473693
NVDA260805C00232500,2026-08-05 13:36:34+00:00,232.5,0.06,0.04,0.06,0.049999997,500.00006,2252.0,799,0.5312546875,False,REGULAR,USD,NVDA,2026-08-05,CALL,219.8300018310547,1.0576354367620966,0.05,0.3999999999999999
NVDA260805C00235000,2026-08-05 13:37:02+00:00,235.0,0.03,0.02,0.03,0.02,0.0,2833.0,1946,0.5546919531250001,False,REGULAR,USD,NVDA,2026-08-05,CALL,219.8300018310547,1.0690078608133018,0.025,0.3999999999999999
AMZN260805C00247500,2026-08-04 19:48:24+00:00,247.5,30.96,32.0,35.3,0.0,0.0,430.0,136,2.7519562451171877,True,REGULAR,USD,AMZN,2026-08-05,CALL,276.3450012207031,0.8956196019711388,33.65,0.09806835066864776
AMZN260805C00250000,2026-08-04 19:31:50+00:00,250.0,27.5,29.1,30.5,0.0,0.0,124.0,800,2.265141055908203,True,REGULAR,USD,AMZN,2026-08-05,CALL,276.3450012207031,0.9046662646173119,29.8,0.046979865771812034
AMZN260805C00257500,2026-08-04 19:53:20+00:00,257.5,20.35,21.4,22.85,0.0,0.0,462.0,152,1.7958994580078125,True,REGULAR,USD,AMZN,2026-08-05,CALL,276.3450012207031,0.9318062525558313,22.125,0.06553672316384193
AMZN260805C00275000,2026-08-05 13:34:58+00:00,275.0,7.55,5.55,6.35,3.5,86.41975,156.0,7509,0.91211025390625,True,REGULAR,USD,AMZN,2026-08-05,CALL,276.3450012207031,0.9951328910790431,5.949999999999999,0.13445378151260504
AMZN260805C00277500,2026-08-05 13:36:40+00:00,277.5,3.75,3.65,3.9,1.24,49.40239,638.0,5605,0.7485376708984376,False,REGULAR,USD,AMZN,2026-08-05,CALL,276.3450012207031,1.0041795537252163,3.775,0.06622516556291391
AMZN260805C00280000,2026-08-05 13:37:23+00:00,280.0,1.65,1.65,1.69,0.16999996,11.258276,3578.0,8589,0.5454147021484376,False,REGULAR,USD,AMZN,2026-08-05,CALL,276.3450012207031,1.0132262163713894,1.67,0.023952095808383256
AMZN260805C00282500,2026-08-05 13:37:31+00:00,282.5,0.76,0.73,0.78,-0.07999998,-9.523808,3485.0,6478,0.49121602539062503,False,REGULAR,USD,AMZN,2026-08-05,CALL,276.3450012207031,1.0222728790175624,0.755,0.06622516556291397
AMZN260805C00285000,2026-08-05 13:37:20+00:00,285.0,0.34,0.34,0.37,-0.109999985,-23.91304,4459.0,6900,0.47852083984375,False,REGULAR,USD,AMZN,2026-08-05,CALL,276.3450012207031,1.0313195416637355,0.355,0.08450704225352106
AMZN260805C00287500,2026-08-05 13:37:02+00:00,287.5,0.13,0.14,0.16,-0.120000005,-48.0,1086.0,4319,0.47070841796875,False,REGULAR,USD,AMZN,2026-08-05,CALL,276.3450012207031,1.0403662043099087,0.15000000000000002,0.13333333333333325
AMZN260805C00290000,2026-08-05 13:37:26+00:00,290.0,0.06,0.06,0.08,-0.06999999,-53.84615,1268.0,6129,0.48633326171875,False,REGULAR,USD,AMZN,2026-08-05,CALL,276.3450012207031,1.0494128669560818,0.07,0.28571428571428575
AMZN260805C00292500,2026-08-05 13:34:34+00:00,292.5,0.07,0.07,0.08,0.0,0.0,146.0,4433,0.5507857421875001,False,REGULAR,USD,AMZN,2026-08-05,CALL,276.3450012207031,1.058459529602255,0.07500000000000001,0.13333333333333325
AMZN260805C00295000,2026-08-05 13:37:05+00:00,295.0,0.03,0.03,0.04,-0.01,-20.000002,782.0,2382,0.5546919531250001,False,REGULAR,USD,AMZN,2026-08-05,CALL,276.3450012207031,1.0675061922484281,0.035,0.28571428571428575
GOOGL260805C00335000,2026-08-04 17:37:38+00:00,335.0,42.9,46.9,49.45,0.0,0.0,63.0,290,2.3752482025146477,True,REGULAR,USD,GOOGL,2026-08-05,CALL,379.510009765625,0.8827171652386372,48.175,0.052932018681889036
GOOGL260805C00337500,2026-08-04 18:06:23+00:00,337.5,41.5,43.85,47.05,0.0,0.0,68.0,164,2.2292524737548822,True,REGULAR,USD,GOOGL,2026-08-05,CALL,379.510009765625,0.8893046067702688,45.45,0.0704070407040703
GOOGL260805C00340000,2026-08-04 17:58:21+00:00,340.0,38.79,42.25,44.8,0.0,0.0,52.0,211,2.255131315307617,True,REGULAR,USD,GOOGL,2026-08-05,CALL,379.510009765625,0.8958920483019004,43.525,0.05858701895462372
GOOGL260805C00377500,2026-08-05 13:35:39+00:00,377.5,5.8,4.85,5.25,2.39,70.08798,75.0,3052,0.5014698291015626,True,REGULAR,USD,GOOGL,2026-08-05,CALL,379.510009765625,0.9947036712763747,5.05,0.07920792079207928
GOOGL260805C00380000,2026-08-05 13:37:23+00:00,380.0,3.4,3.3,3.4,1.19,52.65487,419.0,3086,0.45898978515625005,False,REGULAR,USD,GOOGL,2026-08-05,CALL,379.510009765625,1.0012911128080064,3.3499999999999996,0.029850746268656747
GOOGL260805C00382500,2026-08-05 13:37:22+00:00,382.5,2.06,2.0,2.06,0.67999995,49.275356,1240.0,1259,0.4204159521484375,False,REGULAR,USD,GOOGL,2026-08-05,CALL,379.510009765625,1.007878554339638,2.0300000000000002,0.02955665024630544
GOOGL260805C00385000,2026-08-05 13:37:11+00:00,385.0,1.08,1.15,1.16,0.27000004,33.33334,1572.0,2263,0.39819937744140627,False,REGULAR,USD,GOOGL,2026-08-05,CALL,379.510009765625,1.0144659958712696,1.1549999999999998,0.008658008658008667
GOOGL260805C00390000,2026-08-05 13:37:05+00:00,390.0,0.32,0.27,0.33,-0.01000002,-3.030309,1150.0,3577,0.389654541015625,False,REGULAR,USD,GOOGL,2026-08-05,CALL,379.510009765625,1.0276408789345328,0.30000000000000004,0.19999999999999996
GOOGL260805C00395000,2026-08-05 13:35:09+00:00,395.0,0.21,0.17,0.21,0.03999999,23.529406,123.0,685,0.47070841796875,False,REGULAR,USD,GOOGL,2026-08-05,CALL,379.510009765625,1.040815761997796,0.19,0.2105263157894736
GOOGL260805C00400000,2026-08-05 13:35:09+00:00,400.0,0.08,0.06,0.06,-0.020000003,-20.000002,261.0,4323,0.47461462890625,False,REGULAR,USD,GOOGL,2026-08-05,CALL,379.510009765625,1.0539906450610592,0.06,0.0
GOOGL260805C00405000,2026-08-05 13:33:33+00:00,405.0,0.04,0.02,0.03,-0.010000002,-20.000002,56.0,2166,0.507817421875,False,REGULAR,USD,GOOGL,2026-08-05,CALL,379.510009765625,1.0671655281243224,0.025,0.3999999999999999
META260805C00535000,2026-08-04 16:55:51+00:00,535.0,45.4,58.35,63.75,0.0,0.0,64.0,127,1.2128945605468748,True,REGULAR,USD,META,2026-08-05,CALL,598.1799926757812,0.8943796291260692,61.05,0.08845208845208843
META260805C00550000,2026-08-04 19:43:55+00:00,550.0,42.5,42.85,50.0,0.0,0.0,52.0,191,1.259769326171875,True,REGULAR,USD,META,2026-08-05,CALL,598.1799926757812,0.9194556934940898,46.425,0.15401184706515883
META260805C00577500,2026-08-04 19:43:22+00:00,577.5,15.76,15.6,20.6,0.0,0.0,830.0,419,1.0000000000000003e-05,True,REGULAR,USD,META,2026-08-05,CALL,598.1799926757812,0.9654284781687943,18.1,0.276243093922652
META260805C00585000,2026-08-05 13:36:20+00:00,585.0,9.0,10.15,11.35,1.4899998,19.840208,128.0,1222,1.0000000000000003e-05,True,REGULAR,USD,META,2026-08-05,CALL,598.1799926757812,0.9779665103528046,10.75,0.11162790697674412
META260805C00587500,2026-08-05 13:35:53+00:00,587.5,8.57,8.55,9.5,2.5699997,42.83333,66.0,652,1.0000000000000003e-05,True,REGULAR,USD,META,2026-08-05,CALL,598.1799926757812,0.9821458544141414,9.025,0.10526315789473675
META260805C00590000,2026-08-05 13:37:09+00:00,590.0,7.2,7.0,7.6,2.25,45.454548,317.0,2339,1.0000000000000003e-05,True,REGULAR,USD,META,2026-08-05,CALL,598.1799926757812,0.9863251984754782,7.3,0.08219178082191776
META260805C00592500,2026-08-05 13:36:59+00:00,592.5,6.15,5.6,6.3,2.2,55.6962,131.0,840,0.20093572509765623,True,REGULAR,USD,META,2026-08-05,CALL,598.1799926757812,0.9905045425368149,5.949999999999999,0.11764705882352945
META260805C00595000,2026-08-05 13:37:04+00:00,595.0,4.63,4.55,4.85,1.5300002,49.354847,505.0,1379,0.24048611083984373,True,REGULAR,USD,META,2026-08-05,CALL,598.1799926757812,0.9946838865981517,4.699999999999999,0.06382978723404252
META260805C00597500,2026-08-05 13:36:54+00:00,597.5,3.5,3.7,4.05,1.05,42.85714,747.0,252,0.2963937548828125,True,REGULAR,USD,META,2026-08-05,CALL,598.1799926757812,0.9988632306594885,3.875,0.0903225806451612
META260805C00600000,2026-08-05 13:37:14+00:00,600.0,2.75,2.62,2.79,0.83000004,43.22917,2132.0,4511,0.29004616210937495,False,REGULAR,USD,META,2026-08-05,CALL,598.1799926757812,1.0030425747208251,2.705,0.06284658040665432
META260805C00602500,2026-08-05 13:37:01+00:00,602.5,2.16,2.04,2.31,0.5200001,33.12103,653.0,419,0.32813171874999997,False,REGULAR,USD,META,2026-08-05,CALL,598.1799926757812,1.007221918782162,2.175,0.12413793103448277
META260805C00605000,2026-08-05 13:37:09+00:00,605.0,1.6,1.6,1.65,0.46000004,40.35088,1837.0,2163,0.33521172607421873,False,REGULAR,USD,META,2026-08-05,CALL,598.1799926757812,1.0114012628434987,1.625,0.03076923076923066
META260805C00607500,2026-08-05 13:37:08+00:00,607.5,1.1,1.1,1.18,0.26000005,30.232567,432.0,952,0.34448897705078124,False,REGULAR,USD,META,2026-08-05,CALL,598.1799926757812,1.0155806069048356,1.1400000000000001,0.07017543859649109
META260805C00610000,2026-08-05 13:37:34+00:00,610.0,0.79,0.74,0.83,0.09000003,12.857148,1582.0,3138,0.3530338134765625,False,REGULAR,USD,META,2026-08-05,CALL,598.1799926757812,1.0197599509661723,0.7849999999999999,0.1146496815286624
META260805C00612500,2026-08-05 13:36:57+00:00,612.5,0.57,0.55,0.68,0.060000002,11.764706,307.0,826,0.37842418457031246,False,REGULAR,USD,META,2026-08-05,CALL,598.1799926757812,1.023939295027509,0.615,0.21138211382113822
META260805C00615000,2026-08-05 13:37:01+00:00,615.0,0.48,0.42,0.5,0.06999999,17.073168,999.0,2209,0.39063109375,False,REGULAR,USD,META,2026-08-05,CALL,598.1799926757812,1.028118639088846,0.45999999999999996,0.17391304347826092
META260805C00617500,2026-08-05 13:35:03+00:00,617.5,0.45,0.29,0.39,0.13999999,45.161285,104.0,2153,0.40772076660156253,False,REGULAR,USD,META,2026-08-05,CALL,598.1799926757812,1.0322979831501826,0.33999999999999997,0.29411764705882365
META260805C00620000,2026-08-05 13:36:42+00:00,620.0,0.22,0.2,0.3,-0.030000001,-12.0,993.0,3138,0.422857333984375,False,REGULAR,USD,META,2026-08-05,CALL,598.1799926757812,1.0364773272115193,0.25,0.3999999999999999
META260805C00622500,2026-08-05 13:37:19+00:00,622.5,0.18,0.17,0.22,-0.019999996,-10.526314,85.0,719,0.4335994140625,False,REGULAR,USD,META,2026-08-05,CALL,598.1799926757812,1.0406566712728562,0.195,0.25641025641025633
TSLA260805C00295000,2026-08-04 15:12:32+00:00,295.0,29.72,28.0,28.5,0.0,0.0,155.0,219,1.0000000000000003e-05,True,REGULAR,USD,TSLA,2026-08-05,CALL,324.2200012207031,0.9098760066908628,28.25,0.017699115044247787
TSLA260805C00300000,2026-08-04 19:57:45+00:00,300.0,27.8,24.0,24.6,0.0,0.0,578.0,2662,0.7148466015625,True,REGULAR,USD,TSLA,2026-08-05,CALL,324.2200012207031,0.9252976339229112,24.3,0.024691358024691416
TSLA260805C00305000,2026-08-04 19:58:37+00:00,305.0,22.85,17.95,18.4,0.0,0.0,437.0,910,1.0000000000000003e-05,True,REGULAR,USD,TSLA,2026-08-05,CALL,324.2200012207031,0.9407192611549597,18.174999999999997,0.02475928473177438
TSLA260805C00310000,2026-08-05 13:36:59+00:00,310.0,13.42,12.95,13.4,-4.76,-26.18262,198.0,3069,1.0000000000000003e-05,True,REGULAR,USD,TSLA,2026-08-05,CALL,324.2200012207031,0.9561408883870083,13.175,0.03415559772296023
TSLA260805C00315000,2026-08-05 13:37:25+00:00,315.0,8.74,8.5,8.8,-4.84,-36.25468,123.0,1894,1.0000000000000003e-05,True,REGULAR,USD,TSLA,2026-08-05,CALL,324.2200012207031,0.9715625156190568,8.65,0.03468208092485557
TSLA260805C00317500,2026-08-05 13:36:57+00:00,317.5,6.7,6.45,6.75,-4.1900005,-38.47567,210.0,1917,0.20117986328124998,True,REGULAR,USD,TSLA,2026-08-05,CALL,324.2200012207031,0.979273329235081,6.6,0.04545454545454543
TSLA260805C00320000,2026-08-05 13:37:02+00:00,320.0,4.6,4.5,4.7,-4.73,-50.69668,1898.0,3188,0.2802806347656249,True,REGULAR,USD,TSLA,2026-08-05,CALL,324.2200012207031,0.9869841428511054,4.6,0.04347826086956526
TSLA260805C00322500,2026-08-05 13:37:28+00:00,322.5,3.15,3.15,3.25,-3.9499998,-55.6338,3793.0,5520,0.33887379882812496,True,REGULAR,USD,TSLA,2026-08-05,CALL,324.2200012207031,0.9946949564671296,3.2,0.03125000000000003
TSLA260805C00325000,2026-08-05 13:37:33+00:00,325.0,2.04,2.0,2.06,-3.56,-63.345196,7509.0,6753,0.358404853515625,False,REGULAR,USD,TSLA,2026-08-05,CALL,324.2200012207031,1.002405770083154,2.0300000000000002,0.02955665024630544
TSLA260805C00327500,2026-08-05 13:37:34+00:00,327.5,1.19,1.19,1.21,-3.06,-71.662766,4406.0,3936,0.370123486328125,False,REGULAR,USD,TSLA,2026-08-05,CALL,324.2200012207031,1.0101165836991781,1.2,0.016666666666666684
TSLA260805C00330000,2026-08-05 13:37:28+00:00,330.0,0.68,0.67,0.68,-2.47,-78.4127,6255.0,7447,0.38281867187499996,False,REGULAR,USD,TSLA,2026-08-05,CALL,324.2200012207031,1.0178273973152023,0.675,0.014814814814814828
TSLA260805C00332500,2026-08-05 13:37:04+00:00,332.5,0.35,0.35,0.36,-1.93,-84.649124,1978.0,3251,0.3930724755859375,False,REGULAR,USD,TSLA,2026-08-05,CALL,324.2200012207031,1.0255382109312265,0.355,0.028169014084507067
TSLA260805C00335000,2026-08-05 13:37:12+00:00,335.0,0.21,0.2,0.21,-1.4599999,-87.42514,2787.0,5813,0.41602146484374997,False,REGULAR,USD,TSLA,2026-08-05,CALL,324.2200012207031,1.033249024547251,0.20500000000000002,0.04878048780487795
TSLA260805C00337500,2026-08-05 13:37:12+00:00,337.5,0.13,0.12,0.13,-1.1,-89.43089,1165.0,3389,0.44336494140625,False,REGULAR,USD,TSLA,2026-08-05,CALL,324.2200012207031,1.0409598381632752,0.125,0.08000000000000007
TSLA260805C00340000,2026-08-05 13:36:58+00:00,340.0,0.09,0.07,0.09,-0.79999995,-91.95402,3742.0,9328,0.476567734375,False,REGULAR,USD,TSLA,2026-08-05,CALL,324.2200012207031,1.0486706517792994,0.08,0.24999999999999986
TSLA260805C00342500,2026-08-05 13:37:08+00:00,342.5,0.05,0.05,0.06,-0.62,-92.53731,349.0,1923,0.5039112109375,False,REGULAR,USD,TSLA,2026-08-05,CALL,324.2200012207031,1.0563814653953236,0.055,0.18181818181818174
TSLA260805C00350000,2026-08-05 13:37:24+00:00,350.0,0.03,0.02,0.03,-0.28,-90.32258,978.0,5520,0.5976602734375001,False,REGULAR,USD,TSLA,2026-08-05,CALL,324.2200012207031,1.0795139062433965,0.025,0.3999999999999999
AVGO260805C00387500,2026-08-04 19:39:43+00:00,387.5,34.2,35.7,38.9,0.0,0.0,101.0,249,1.8176278649902344,True,REGULAR,USD,AVGO,2026-08-05,CALL,420.69000244140625,0.9211057970268048,37.3,0.08579088471849855
AVGO260805C00390000,2026-08-04 19:59:53+00:00,390.0,28.74,32.0,34.55,0.0,0.0,401.0,450,1.4545925708007812,True,REGULAR,USD,AVGO,2026-08-05,CALL,420.69000244140625,0.9270484150721391,33.275,0.07663410969196086
AVGO260805C00392500,2026-08-04 19:59:34+00:00,392.5,26.38,28.7,31.95,0.0,0.0,221.0,121,1.284671545410156,True,REGULAR,USD,AVGO,2026-08-05,CALL,420.69000244140625,0.9329910331174733,30.325,0.10717230008244023
AVGO260805C00402500,2026-08-04 19:56:44+00:00,402.5,17.36,18.35,21.8,0.0,0.0,429.0,315,0.9143074975585939,True,REGULAR,USD,AVGO,2026-08-05,CALL,420.69000244140625,0.9567615052988102,20.075000000000003,0.17185554171855535
AVGO260805C00415000,2026-08-05 13:37:06+00:00,415.0,9.2,8.85,9.5,1.1999998,14.999998,75.0,1128,0.676761044921875,True,REGULAR,USD,AVGO,2026-08-05,CALL,420.69000244140625,0.9864745955254813,9.175,0.0708446866485014
AVGO260805C00420000,2026-08-05 13:37:08+00:00,420.0,5.99,5.9,6.55,0.18999958,3.2758548,174.0,1988,0.6696810375976563,True,REGULAR,USD,AVGO,2026-08-05,CALL,420.69000244140625,0.9983598316161498,6.225,0.10441767068273085
AVGO260805C00422500,2026-08-05 13:37:03+00:00,422.5,4.05,3.55,4.05,-0.5,-11.961721,608.0,801,0.5285691674804689,False,REGULAR,USD,AVGO,2026-08-05,CALL,420.69000244140625,1.004302449661484,3.8,0.13157894736842105
AVGO260805C00425000,2026-08-05 13:37:25+00:00,425.0,3.75,3.25,3.7,0.1500001,4.1666694,1705.0,741,0.6071816625976563,False,REGULAR,USD,AVGO,2026-08-05,CALL,420.69000244140625,1.0102450677068182,3.475,0.1294964028776979
AVGO260805C00427500,2026-08-05 13:37:02+00:00,427.5,1.89,1.8,2.01,-1.2099999,-38.78205,99.0,250,0.5105029418945313,False,REGULAR,USD,AVGO,2026-08-05,CALL,420.69000244140625,1.0161876857521526,1.9049999999999998,0.11023622047244082
AVGO260805C00430000,2026-08-05 13:37:11+00:00,430.0,1.58,1.51,1.7,-0.85,-34.979424,820.0,1302,0.5544478149414063,False,REGULAR,USD,AVGO,2026-08-05,CALL,420.69000244140625,1.0221303037974867,1.605,0.11838006230529592
AVGO260805C00432500,2026-08-05 13:37:15+00:00,432.5,1.08,1.13,1.3,-0.80999994,-42.85714,1044.0,2662,0.5705609350585938,False,REGULAR,USD,AVGO,2026-08-05,CALL,420.69000244140625,1.0280729218428208,1.2149999999999999,0.13991769547325117
AVGO260805C00435000,2026-08-05 13:37:03+00:00,435.0,0.64,0.66,0.8,-0.78999996,-55.24476,141.0,743,0.5463912548828126,False,REGULAR,USD,AVGO,2026-08-05,CALL,420.69000244140625,1.0340155398881552,0.73,0.19178082191780824
AVGO260805C00437500,2026-08-05 13:37:12+00:00,437.5,0.47,0.52,0.6,-0.63,-57.272724,302.0,182,0.56836369140625,False,REGULAR,USD,AVGO,2026-08-05,CALL,420.69000244140625,1.0399581579334893,0.56,0.14285714285714277
AVGO260805C00440000,2026-08-05 13:37:06+00:00,440.0,0.31,0.28,0.34,-0.54,-63.529415,1463.0,2640,0.5478560839843751,False,REGULAR,USD,AVGO,2026-08-05,CALL,420.69000244140625,1.0459007759788237,0.31000000000000005,0.19354838709677416
JPM260807C00350000,2026-08-04 19:58:58+00:00,350.0,9.09,10.15,12.85,0.0,0.0,216.0,719,0.49451189086914066,True,REGULAR,USD,JPM,2026-08-07,CALL,360.385009765625,0.971183569004774,11.5,0.23478260869565212
JPM260807C00352500,2026-08-04 18:13:39+00:00,352.5,8.01,7.6,10.65,0.0,0.0,196.0,1282,0.45654840332031255,True,REGULAR,USD,JPM,2026-08-07,CALL,360.385009765625,0.9781205944976652,9.125,0.3342465753424658
JPM260807C00365000,2026-08-05 13:34:32+00:00,365.0,1.35,1.21,1.55,0.55,68.75,88.0,1583,0.25659923095703124,False,REGULAR,USD,JPM,2026-08-07,CALL,360.385009765625,1.0128057219621214,1.38,0.24637681159420297
JPM260807C00375000,2026-08-05 13:36:55+00:00,375.0,0.14,0.11,0.14,0.08,133.33333,135.0,2225,0.25196060546875,False,REGULAR,USD,JPM,2026-08-07,CALL,360.385009765625,1.0405538239336865,0.125,0.2400000000000001
V260807C00370000,2026-08-04 20:00:00+00:00,370.0,3.26,2.98,4.5,0.0,0.0,334.0,781,0.37219866088867193,False,REGULAR,USD,V,2026-08-07,CALL,369.20001220703125,1.0021668141021625,3.74,0.4064171122994652
V260807C00372500,2026-08-04 19:32:05+00:00,372.5,2.41,2.3,3.2,0.0,0.0,86.0,170,0.3532779516601562,False,REGULAR,USD,V,2026-08-07,CALL,369.20001220703125,1.0089382114947447,2.75,0.3272727272727274
UNH260807C00412500,2026-08-05 13:36:56+00:00,412.5,2.57,2.48,2.89,-0.35000014,-11.986306,50.0,178,0.29321995849609367,False,REGULAR,USD,UNH,2026-08-07,CALL,409.1650085449219,1.0081507249775294,2.685,0.15270018621973935
UNH260807C00420000,2026-08-05 13:35:58+00:00,420.0,0.88,0.83,0.99,-0.19000006,-17.431198,68.0,786,0.2978585839843749,False,REGULAR,USD,UNH,2026-08-07,CALL,409.1650085449219,1.026480738158939,0.9099999999999999,0.17582417582417587
XOM260807C00147000,2026-08-03 16:43:46+00:00,147.0,8.53,6.25,8.2,0.0,0.0,60.0,223,0.7836935693359376,True,REGULAR,USD,XOM,2026-08-07,CALL,152.0399932861328,0.9668508714240223,7.225,0.2698961937716262
XOM260807C00149000,2026-08-04 19:14:40+00:00,149.0,5.91,4.65,6.5,0.0,0.0,146.0,324,0.7104521142578125,True,REGULAR,USD,XOM,2026-08-07,CALL,152.0399932861328,0.9800053050488389,5.575,0.33183856502242143
XOM260807C00152500,2026-08-04 19:56:27+00:00,152.5,2.69,2.23,2.79,0.0,0.0,789.0,3539,0.5473678076171876,False,REGULAR,USD,XOM,2026-08-07,CALL,152.0399932861328,1.003025563892268,2.51,0.2231075697211156
CVX260807C00187500,2026-08-04 18:55:56+00:00,187.5,4.25,3.15,4.7,0.0,0.0,144.0,155,0.5271043383789062,True,REGULAR,USD,CVX,2026-08-07,CALL,188.16990661621094,0.9964398844201093,3.925,0.3949044585987262
BAC260807C00058000,2026-08-04 18:58:25+00:00,58.0,5.22,4.85,5.25,0.0,0.0,1709.0,1122,1.0000000000000003e-05,True,REGULAR,USD,BAC,2026-08-07,CALL,63.279998779296875,0.9165613324723338,5.05,0.07920792079207928
BAC260807C00060000,2026-08-04 19:56:15+00:00,60.0,3.06,2.8,3.2,0.0,0.0,170.0,3771,1.0000000000000003e-05,True,REGULAR,USD,BAC,2026-08-07,CALL,63.279998779296875,0.948166895661035,3.0,0.13333333333333344
BAC260807C00061000,2026-08-04 19:35:31+00:00,61.0,2.09,2.07,2.21,0.0,0.0,548.0,2259,1.0000000000000003e-05,True,REGULAR,USD,BAC,2026-08-07,CALL,63.279998779296875,0.9639696772553855,2.1399999999999997,0.06542056074766361
BAC260807C00063000,2026-08-05 13:34:52+00:00,63.0,0.45,0.49,0.59,-0.050000012,-10.000002,261.0,13985,0.19043778320312502,True,REGULAR,USD,BAC,2026-08-07,CALL,63.279998779296875,0.9955752404440867,0.54,0.18518518518518512
BAC260807C00064000,2026-08-05 13:36:44+00:00,64.0,0.17,0.18,0.21,0.030000001,21.428572,244.0,7645,0.21192194335937498,False,REGULAR,USD,BAC,2026-08-07,CALL,63.279998779296875,1.0113780220384372,0.195,0.15384615384615383
WMT260807C00105000,2026-08-04 19:50:08+00:00,105.0,6.0,6.0,8.4,0.0,0.0,70.0,134,0.99023447265625,True,REGULAR,USD,WMT,2026-08-07,CALL,112.06999969482422,0.9369144310334933,7.2,0.33333333333333337
WMT260807C00107000,2026-08-04 19:57:57+00:00,107.0,4.7,4.55,5.95,0.0,0.0,247.0,230,0.6787141503906251,True,REGULAR,USD,WMT,2026-08-07,CALL,112.06999969482422,0.954760420196036,5.25,0.2666666666666667
WMT260807C00108000,2026-08-04 19:41:56+00:00,108.0,3.79,3.6,4.95,0.0,0.0,440.0,354,0.5986368261718751,True,REGULAR,USD,WMT,2026-08-07,CALL,112.06999969482422,0.9636834147773073,4.275,0.3157894736842105
WMT260807C00110000,2026-08-05 13:35:27+00:00,110.0,2.5,2.56,2.67,0.30999994,14.155248,86.0,2038,0.3481510498046875,True,REGULAR,USD,WMT,2026-08-07,CALL,112.06999969482422,0.9815294039398501,2.615,0.04206500956022939
WMT260807C00111000,2026-08-05 13:37:33+00:00,111.0,1.88,1.88,1.97,0.32000005,20.779224,122.0,2148,0.3393620751953125,True,REGULAR,USD,WMT,2026-08-07,CALL,112.06999969482422,0.9904523985211214,1.9249999999999998,0.0467532467532468
WMT260807C00112000,2026-08-05 13:37:21+00:00,112.0,1.27,1.27,1.35,0.21000004,18.584074,437.0,3715,0.3242255078124999,True,REGULAR,USD,WMT,2026-08-07,CALL,112.06999969482422,0.9993753931023929,1.31,0.06106870229007639
WMT260807C00113000,2026-08-05 13:37:37+00:00,113.0,0.9,0.89,0.9,0.20999998,30.43478,229.0,3055,0.3227606787109374,False,REGULAR,USD,WMT,2026-08-07,CALL,112.06999969482422,1.0082983876836642,0.895,0.011173184357541908
WMT260807C00114000,2026-08-05 13:36:26+00:00,114.0,0.57,0.53,0.6,0.13,29.545454,167.0,2856,0.3305731005859375,False,REGULAR,USD,WMT,2026-08-07,CALL,112.06999969482422,1.0172213822649356,0.565,0.12389380530973444
WMT260807C00115000,2026-08-05 13:34:20+00:00,115.0,0.23,0.28,0.33,-0.029999986,-11.538457,275.0,3639,0.317389638671875,False,REGULAR,USD,WMT,2026-08-07,CALL,112.06999969482422,1.0261443768462069,0.30500000000000005,0.16393442622950813
HD260807C00342500,2026-08-04 19:55:21+00:00,342.5,8.45,7.25,10.05,0.0,0.0,77.0,305,0.442388388671875,True,REGULAR,USD,HD,2026-08-07,CALL,349.80999755859375,0.9791029484302566,8.65,0.323699421965318
HD260807C00352500,2026-08-04 19:07:03+00:00,352.5,3.05,2.28,3.3,0.0,0.0,84.0,235,0.35071450073242183,False,REGULAR,USD,HD,2026-08-07,CALL,349.80999755859375,1.00768989582968,2.79,0.3655913978494624
KO260807C00090000,2026-08-05 13:33:39+00:00,90.0,0.09,0.08,0.13,0.010000005,12.500007,836.0,8948,0.34570966796874997,False,REGULAR,USD,KO,2026-08-07,CALL,86.47000122070312,1.0408233922685743,0.10500000000000001,0.47619047619047616
MRK260807C00125000,2026-08-04 17:23:55+00:00,125.0,4.07,3.95,6.15,0.0,0.0,58.0,102,0.639652041015625,True,REGULAR,USD,MRK,2026-08-07,CALL,128.55999755859375,0.9723086681222811,5.050000000000001,0.43564356435643564
LLY260807C01035000,2026-08-04 17:11:44+00:00,1035.0,95.0,172.0,185.4,0.0,0.0,311.0,311,2.3405192854309074,True,REGULAR,USD,LLY,2026-08-07,CALL,1173.9649658203125,0.8816276721484527,178.7,0.07498601007274766
LLY260807C01040000,2026-08-04 17:53:17+00:00,1040.0,88.0,167.0,180.2,0.0,0.0,312.0,312,2.290409547424316,True,REGULAR,USD,LLY,2026-08-07,CALL,1173.9649658203125,0.885886743028397,173.6,0.07603686635944694
LLY260807C01070000,2026-08-04 16:47:06+00:00,1070.0,68.35,137.0,151.0,0.0,0.0,653.0,652,2.0178272210693358,True,REGULAR,USD,LLY,2026-08-07,CALL,1173.9649658203125,0.9114411683080622,144.0,0.09722222222222222
LLY260807C01075000,2026-08-04 19:46:17+00:00,1075.0,62.0,132.0,146.0,0.0,0.0,657.0,654,1.9700318881225587,True,REGULAR,USD,LLY,2026-08-07,CALL,1173.9649658203125,0.9157002391880065,139.0,0.10071942446043165
LLY260807C01190000,2026-08-05 13:36:58+00:00,1190.0,36.0,33.4,39.8,20.6,133.76624,51.0,141,1.0332689938354496,False,REGULAR,USD,LLY,2026-08-07,CALL,1173.9649658203125,1.0136588694267235,36.599999999999994,0.17486338797814208
LLY260807C01200000,2026-08-05 13:36:57+00:00,1200.0,27.0,27.9,34.0,14.1,109.30233,268.0,558,0.995239305419922,False,REGULAR,USD,LLY,2026-08-07,CALL,1173.9649658203125,1.022177011186612,30.95,0.19709208400646208
LLY260807C01210000,2026-08-05 13:37:17+00:00,1210.0,25.15,22.3,28.0,13.879999,131.68878,56.0,130,0.9432989068603514,False,REGULAR,USD,LLY,2026-08-07,CALL,1173.9649658203125,1.0306951529465003,25.15,0.22664015904572563
LLY260807C01220000,2026-08-05 13:37:27+00:00,1220.0,21.05,18.9,21.05,11.299999,146.75322,89.0,659,0.8946543737792967,False,REGULAR,USD,LLY,2026-08-07,CALL,1173.9649658203125,1.0392132947063888,19.975,0.10763454317897382
LLY260807C01250000,2026-08-05 13:37:56+00:00,1250.0,9.9,8.8,10.6,4.6499996,88.57143,391.0,548,0.8100604931640624,False,REGULAR,USD,LLY,2026-08-07,CALL,1173.9649658203125,1.0647677199860541,9.7,0.18556701030927825
LLY260807C01300000,2026-08-05 13:37:46+00:00,1300.0,2.26,2.1,2.5,0.46000004,24.083773,455.0,926,0.7386500744628905,False,REGULAR,USD,LLY,2026-08-07,CALL,1173.9649658203125,1.1073584287854963,2.3,0.17391304347826084
COST260807C00950000,2026-08-05 13:34:25+00:00,950.0,7.5,7.0,8.4,-0.9499998,-11.242602,105.0,255,0.35492588439941397,False,REGULAR,USD,COST,2026-08-07,CALL,941.5999755859375,1.0089210117160796,7.7,0.18181818181818185
COST260807C00955000,2026-08-04 19:59:35+00:00,955.0,6.88,5.3,7.3,0.0,0.0,84.0,180,0.37641004455566407,False,REGULAR,USD,COST,2026-08-07,CALL,941.5999755859375,1.014231122304059,6.3,0.31746031746031744
ORCL260807C00125000,2026-08-04 19:40:21+00:00,125.0,21.3,17.45,20.1,0.0,0.0,316.0,2958,1.0312548437500002,True,REGULAR,USD,ORCL,2026-08-07,CALL,143.3800048828125,0.8718091487175296,18.775,0.141145139813582
ORCL260807C00127000,2026-08-04 19:31:24+00:00,127.0,19.95,15.3,18.15,0.0,0.0,87.0,942,0.9082040429687499,True,REGULAR,USD,ORCL,2026-08-07,CALL,143.3800048828125,0.8857580950970101,16.725,0.17040358744394604
ORCL260807C00128000,2026-08-04 19:50:54+00:00,128.0,18.16,15.05,16.95,0.0,0.0,106.0,863,1.0004932788085936,True,REGULAR,USD,ORCL,2026-08-07,CALL,143.3800048828125,0.8927325682867503,16.0,0.11874999999999991
ORCL260807C00132000,2026-08-04 19:58:47+00:00,132.0,14.07,10.75,13.5,0.0,0.0,378.0,2205,0.8422867333984375,True,REGULAR,USD,ORCL,2026-08-07,CALL,143.3800048828125,0.9206304610457112,12.125,0.2268041237113402
ORCL260807C00134000,2026-08-04 19:57:46+00:00,134.0,12.32,9.05,9.9,0.0,0.0,383.0,1678,0.6543003320312502,True,REGULAR,USD,ORCL,2026-08-07,CALL,143.3800048828125,0.9345794074251917,9.475000000000001,0.08970976253298148
ORCL260807C00139000,2026-08-04 19:50:21+00:00,139.0,8.05,5.7,6.35,0.0,0.0,1387.0,861,0.6650424121093752,True,REGULAR,USD,ORCL,2026-08-07,CALL,143.3800048828125,0.9694517733738929,6.025,0.1078838174273858
ORCL260807C00145000,2026-08-05 13:37:29+00:00,145.0,2.9,2.85,3.0,-1.4000001,-32.71028,164.0,5708,0.7055693505859376,False,REGULAR,USD,ORCL,2026-08-07,CALL,143.3800048828125,1.0112986125123342,2.925,0.05128205128205125
ORCL260807C00146000,2026-08-05 13:36:39+00:00,146.0,2.25,2.49,2.62,-1.7,-43.037975,152.0,1087,0.710940390625,False,REGULAR,USD,ORCL,2026-08-07,CALL,143.3800048828125,1.0182730857020745,2.555,0.05088062622309193
ORCL260807C00148000,2026-08-05 13:37:09+00:00,148.0,1.85,1.7,1.78,-1.17,-38.74172,340.0,2584,0.6806672558593752,False,REGULAR,USD,ORCL,2026-08-07,CALL,143.3800048828125,1.032222032081555,1.74,0.045977011494252915
ORCL260807C00150000,2026-08-05 13:37:38+00:00,150.0,1.21,1.2,1.28,-1.0999999,-47.619045,548.0,13028,0.6840851904296876,False,REGULAR,USD,ORCL,2026-08-07,CALL,143.3800048828125,1.0461709784610356,1.24,0.06451612903225812
ORCL260807C00152500,2026-08-05 13:36:48+00:00,152.5,0.85,0.87,0.97,-0.79999995,-48.484844,193.0,3147,0.7280300634765625,False,REGULAR,USD,ORCL,2026-08-07,CALL,143.3800048828125,1.0636071614353861,0.9199999999999999,0.10869565217391303
ORCL260807C00155000,2026-08-05 13:36:22+00:00,155.0,0.57,0.52,0.6,-0.56,-49.55752,150.0,3728,0.7226590234375,False,REGULAR,USD,ORCL,2026-08-07,CALL,143.3800048828125,1.0810433444097367,0.56,0.14285714285714277
ORCL260807C00160000,2026-08-05 13:37:18+00:00,160.0,0.25,0.21,0.27,-0.3,-55.555557,243.0,7408,0.75586181640625,False,REGULAR,USD,ORCL,2026-08-07,CALL,143.3800048828125,1.1159157103584378,0.24,0.2500000000000001
CRM260807C00170000,2026-08-04 19:13:19+00:00,170.0,20.79,21.25,23.85,0.0,0.0,105.0,585,1.0087940185546875,True,REGULAR,USD,CRM,2026-08-07,CALL,193.2449951171875,0.8797123045640003,22.55,0.11529933481153
CRM260807C00172500,2026-08-04 19:21:52+00:00,172.5,18.37,19.0,22.15,0.0,0.0,150.0,164,1.1694377465820311,True,REGULAR,USD,CRM,2026-08-07,CALL,193.2449951171875,0.8926492502193533,20.575,0.15309842041312266
CRM260807C00182500,2026-08-04 18:44:39+00:00,182.5,8.85,10.2,12.3,0.0,0.0,102.0,623,0.526371923828125,True,REGULAR,USD,CRM,2026-08-07,CALL,193.2449951171875,0.944397032840765,11.25,0.1866666666666668
CRM260807C00187500,2026-08-04 19:57:23+00:00,187.5,5.75,7.7,8.35,0.0,0.0,338.0,787,0.6669955175781253,True,REGULAR,USD,CRM,2026-08-07,CALL,193.2449951171875,0.9702709241514709,8.025,0.08099688473520242
CRM260807C00200000,2026-08-05 13:37:26+00:00,200.0,1.58,1.43,1.6,0.58000004,58.000004,97.0,2919,0.5656781713867188,False,REGULAR,USD,CRM,2026-08-07,CALL,193.2449951171875,1.0349556524282357,1.5150000000000001,0.1122112211221123
CRM260807C00205000,2026-08-05 13:36:48+00:00,205.0,0.71,0.57,0.78,0.29999998,73.17073,53.0,2334,0.577152666015625,False,REGULAR,USD,CRM,2026-08-07,CALL,193.2449951171875,1.0608295437389414,0.675,0.3111111111111112
AMD260805C00450000,2026-08-05 13:36:36+00:00,450.0,39.14,35.7,40.1,-38.71,-49.723827,81.0,244,0.6171913281250001,True,REGULAR,USD,AMD,2026-08-05,CALL,490.0150146484375,0.9183392070605298,37.900000000000006,0.1160949868073878
AMD260805C00470000,2026-08-05 13:36:53+00:00,470.0,19.8,18.55,20.2,-33.25,-62.67672,65.0,104,0.422857333984375,True,REGULAR,USD,AMD,2026-08-05,CALL,490.0150146484375,0.9591542829298867,19.375,0.08516129032258057
AMD260805C00475000,2026-08-05 13:36:36+00:00,475.0,16.75,15.1,16.05,-34.25,-67.15686,1024.0,774,0.5481002221679689,True,REGULAR,USD,AMD,2026-08-05,CALL,490.0150146484375,0.9693580518972259,15.575,0.06099518459069028
AMD260805C00477500,2026-08-05 13:36:33+00:00,477.5,15.6,13.95,14.55,-37.4,-70.56604,70.0,170,0.5905802661132813,True,REGULAR,USD,AMD,2026-08-05,CALL,490.0150146484375,0.9744599363808956,14.25,0.04210526315789484
AMD260805C00480000,2026-08-05 13:36:54+00:00,480.0,13.7,12.65,13.3,-31.64,-69.78385,449.0,431,0.6689486230468751,True,REGULAR,USD,AMD,2026-08-05,CALL,490.0150146484375,0.9795618208645651,12.975000000000001,0.05009633911368017
AMD260805C00482500,2026-08-05 13:37:11+00:00,482.5,11.6,10.85,11.65,-36.0,-75.63026,181.0,1169,0.6694368994140626,True,REGULAR,USD,AMD,2026-08-05,CALL,490.0150146484375,0.9846637053482348,11.25,0.07111111111111118
AMD260805C00485000,2026-08-05 13:37:49+00:00,485.0,9.35,9.3,9.7,-32.35,-77.577934,1017.0,1399,0.6535679174804689,True,REGULAR,USD,AMD,2026-08-05,CALL,490.0150146484375,0.9897655898319043,9.5,0.04210526315789459
AMD260805C00487500,2026-08-05 13:38:00+00:00,487.5,9.0,8.45,9.0,-31.2,-78.58942,357.0,277,0.7214383325195313,True,REGULAR,USD,AMD,2026-08-05,CALL,490.0150146484375,0.994867474315574,8.725,0.0630372492836677
AMD260805C00490000,2026-08-05 13:38:07+00:00,490.0,9.04,8.75,9.3,-29.96,-77.39603,1478.0,425,0.8781750463867187,True,REGULAR,USD,AMD,2026-08-05,CALL,490.0150146484375,0.9999693587992435,9.025,0.06094182825484772
AMD260805C00492500,2026-08-05 13:37:49+00:00,492.5,6.1,6.25,6.7,-30.300001,-83.24175,812.0,135,0.743166630859375,False,REGULAR,USD,AMD,2026-08-05,CALL,490.0150146484375,1.0050712432829132,6.475,0.06949806949806953
AMD260805C00495000,2026-08-05 13:37:48+00:00,495.0,5.4,5.25,5.6,-32.35,-85.69536,1112.0,325,0.7423121472167968,False,REGULAR,USD,AMD,2026-08-05,CALL,490.0150146484375,1.0101731277665829,5.425,0.06451612903225801
AMD260805C00497500,2026-08-05 13:37:24+00:00,497.5,5.0,4.8,5.3,-29.66,-85.57415,345.0,170,0.7985859985351562,False,REGULAR,USD,AMD,2026-08-05,CALL,490.0150146484375,1.0152750122502525,5.05,0.09900990099009901
AMD260805C00500000,2026-08-05 13:38:05+00:00,500.0,5.0,4.75,5.0,-26.78,-86.86344,5467.0,2511,0.8684095190429688,False,REGULAR,USD,AMD,2026-08-05,CALL,490.0150146484375,1.020376896733922,4.875,0.05128205128205128
AMD260805C00502500,2026-08-05 13:37:06+00:00,502.5,3.74,3.6,4.0,-27.26,-87.935486,750.0,214,0.8322770678710936,False,REGULAR,USD,AMD,2026-08-05,CALL,490.0150146484375,1.0254787812175916,3.8,0.10526315789473682
AMD260805C00505000,2026-08-05 13:37:43+00:00,505.0,3.0,2.82,3.2,-25.45,-89.455185,684.0,722,0.8142108422851562,False,REGULAR,USD,AMD,2026-08-05,CALL,490.0150146484375,1.0305806657012613,3.01,0.12624584717607987
AMD260805C00507500,2026-08-05 13:37:38+00:00,507.5,2.67,2.68,2.94,-25.51,-90.52519,304.0,1855,0.85937640625,False,REGULAR,USD,AMD,2026-08-05,CALL,490.0150146484375,1.035682550184931,2.81,0.092526690391459
AMD260805C00510000,2026-08-05 13:37:55+00:00,510.0,2.1,2.03,2.22,-24.0,-91.954025,1778.0,1171,0.8315446533203124,False,REGULAR,USD,AMD,2026-08-05,CALL,490.0150146484375,1.0407844346686004,2.125,0.08941176470588254
AMD260805C00512500,2026-08-05 13:37:54+00:00,512.5,1.78,1.88,1.95,-22.4,-92.63854,526.0,1577,0.8620619262695313,False,REGULAR,USD,AMD,2026-08-05,CALL,490.0150146484375,1.04588631915227,1.915,0.036553524804177576
AMD260805C00515000,2026-08-05 13:38:03+00:00,515.0,1.96,1.92,2.1,-21.490002,-91.6418,888.0,923,0.9372564868164062,False,REGULAR,USD,AMD,2026-08-05,CALL,490.0150146484375,1.0509882036359397,2.01,0.08955223880597024
AMD260805C00517500,2026-08-05 13:37:26+00:00,517.5,1.44,1.41,1.55,-20.56,-93.454544,585.0,300,0.90429783203125,False,REGULAR,USD,AMD,2026-08-05,CALL,490.0150146484375,1.0560900881196094,1.48,0.09459459459459468
AMD260805C00520000,2026-08-05 13:37:51+00:00,520.0,1.02,1.0,1.1,-19.85,-95.021545,3088.0,1847,0.8715833154296875,False,REGULAR,USD,AMD,2026-08-05,CALL,490.0150146484375,1.0611919726032788,1.05,0.09523809523809532
AMD260805C00522500,2026-08-05 13:38:08+00:00,522.5,1.3,1.15,1.3,-18.2,-94.251686,552.0,692,0.9609378906249999,False,REGULAR,USD,AMD,2026-08-05,CALL,490.0150146484375,1.0662938570869485,1.225,0.12244897959183683
AMD260805C00525000,2026-08-05 13:37:44+00:00,525.0,0.84,0.75,0.84,-19.66,-95.902435,1052.0,2522,0.9082040429687499,False,REGULAR,USD,AMD,2026-08-05,CALL,490.0150146484375,1.0713957415706181,0.7949999999999999,0.1132075471698113
AMD260805C00527500,2026-08-05 13:38:02+00:00,527.5,0.79,0.74,0.84,-16.91,-96.40822,540.0,1495,0.954102021484375,False,REGULAR,USD,AMD,2026-08-05,CALL,490.0150146484375,1.0764976260542878,0.79,0.1265822784810126
AMD260805C00530000,2026-08-05 13:38:00+00:00,530.0,0.58,0.55,0.58,-16.42,-96.588234,2233.0,3299,0.9301764794921875,False,REGULAR,USD,AMD,2026-08-05,CALL,490.0150146484375,1.0815995105379574,0.565,0.053097345132743216
AMD260805C00532500,2026-08-05 13:37:27+00:00,532.5,0.53,0.49,0.6,-15.27,-96.46241,301.0,732,0.96679720703125,False,REGULAR,USD,AMD,2026-08-05,CALL,490.0150146484375,1.0867013950216269,0.5449999999999999,0.2018348623853211
AMD260805C00535000,2026-08-05 13:37:02+00:00,535.0,0.43,0.37,0.57,-14.599999,-97.13905,538.0,978,0.9804689453125001,False,REGULAR,USD,AMD,2026-08-05,CALL,490.0150146484375,1.0918032795052965,0.47,0.42553191489361697
AMD260805C00537500,2026-08-05 13:37:03+00:00,537.5,0.38,0.31,0.41,-13.87,-97.333336,376.0,286,0.9726565234375,False,REGULAR,USD,AMD,2026-08-05,CALL,490.0150146484375,1.0969051639889662,0.36,0.27777777777777773
AMD260805C00540000,2026-08-05 13:38:02+00:00,540.0,0.3,0.28,0.4,-13.45,-97.818184,540.0,1532,1.001958115234375,False,REGULAR,USD,AMD,2026-08-05,CALL,490.0150146484375,1.1020070484726359,0.34,0.3529411764705882
AMD260805C00542500,2026-08-05 13:37:28+00:00,542.5,0.27,0.27,0.29,-12.379999,-97.86561,366.0,296,1.0078174609375,False,REGULAR,USD,AMD,2026-08-05,CALL,490.0150146484375,1.1071089329563053,0.28,0.07142857142857129
AMD260805C00545000,2026-08-05 13:37:05+00:00,545.0,0.22,0.19,0.25,-11.88,-98.181816,372.0,817,1.0058643457031249,False,REGULAR,USD,AMD,2026-08-05,CALL,490.0150146484375,1.112210817439975,0.22,0.2727272727272727
AMD260805C00547500,2026-08-05 13:37:13+00:00,547.5,0.2,0.15,0.25,-11.0,-98.21429,107.0,443,1.0273486132812502,False,REGULAR,USD,AMD,2026-08-05,CALL,490.0150146484375,1.1173127019236446,0.2,0.5
AMD260805C00550000,2026-08-05 13:37:49+00:00,550.0,0.16,0.16,0.17,-10.940001,-98.46984,3330.0,5036,1.0332079589843752,False,REGULAR,USD,AMD,2026-08-05,CALL,490.0150146484375,1.1224145864073143,0.165,0.060606060606060656
AMD260805C00555000,2026-08-05 13:37:11+00:00,555.0,0.1,0.1,0.16,-9.4,-98.947365,174.0,1259,1.0644578027343752,False,REGULAR,USD,AMD,2026-08-05,CALL,490.0150146484375,1.1326183553746534,0.13,0.4615384615384615
INTC260805C00089000,2026-08-04 19:59:09+00:00,89.0,12.09,10.2,12.15,0.0,0.0,137.0,380,1.0000000000000003e-05,True,REGULAR,USD,INTC,2026-08-05,CALL,101.23999786376953,0.8790991888379937,11.175,0.1744966442953021
INTC260805C00098000,2026-08-05 13:38:03+00:00,98.0,2.49,2.49,2.53,-1.8900001,-44.680855,53.0,1967,1.0000000000000003e-05,True,REGULAR,USD,INTC,2026-08-05,CALL,101.23999786376953,0.9679968596193638,2.51,0.01593625498007952
INTC260805C00099000,2026-08-05 13:37:34+00:00,99.0,1.74,1.7,1.78,-1.9200001,-52.459015,359.0,15580,1.0000000000000003e-05,True,REGULAR,USD,INTC,2026-08-05,CALL,101.23999786376953,0.9778743785950715,1.74,0.045977011494252915
INTC260805C00100000,2026-08-05 13:37:47+00:00,100.0,1.2,1.15,1.21,-1.8499999,-60.655735,1717.0,10787,1.0000000000000003e-05,True,REGULAR,USD,INTC,2026-08-05,CALL,101.23999786376953,0.9877518975707793,1.18,0.05084745762711869
INTC260805C00101000,2026-08-05 13:37:55+00:00,101.0,0.83,0.84,0.89,-1.6400001,-66.39677,1221.0,2108,0.34668622070312494,True,REGULAR,USD,INTC,2026-08-05,CALL,101.23999786376953,0.9976294165464871,0.865,0.05780346820809254
INTC260805C00102000,2026-08-05 13:37:47+00:00,102.0,0.56,0.56,0.6,-1.54,-72.98579,1383.0,4732,0.428716650390625,False,REGULAR,USD,INTC,2026-08-05,CALL,101.23999786376953,1.0075069355221948,0.5800000000000001,0.06896551724137917
INTC260805C00103000,2026-08-05 13:37:17+00:00,103.0,0.4,0.4,0.4,-1.34,-74.86034,655.0,1917,0.48633326171875,False,REGULAR,USD,INTC,2026-08-05,CALL,101.23999786376953,1.0173844544979027,0.4,0.0
INTC260805C00104000,2026-08-05 13:38:01+00:00,104.0,0.26,0.27,0.3,-1.14,-81.42857,1227.0,5863,0.5468795312500001,False,REGULAR,USD,INTC,2026-08-05,CALL,101.23999786376953,1.0272619734736106,0.28500000000000003,0.10526315789473673
INTC260805C00105000,2026-08-05 13:37:55+00:00,105.0,0.17,0.18,0.19,-0.96,-84.95575,1386.0,7041,0.5830119824218749,False,REGULAR,USD,INTC,2026-08-05,CALL,101.23999786376953,1.0371394924493182,0.185,0.054054054054054106
INTC260805C00106000,2026-08-05 13:37:13+00:00,106.0,0.15,0.11,0.14,-0.73,-82.954544,853.0,4007,0.6210975390625001,False,REGULAR,USD,INTC,2026-08-05,CALL,101.23999786376953,1.0470170114250261,0.125,0.2400000000000001
INTC260805C00107000,2026-08-05 13:36:52+00:00,107.0,0.09,0.08,0.11,-0.64,-87.671234,237.0,4678,0.6738313867187502,False,REGULAR,USD,INTC,2026-08-05,CALL,101.23999786376953,1.0568945304007338,0.095,0.3157894736842105
INTC260805C00108000,2026-08-05 13:36:58+00:00,108.0,0.05,0.05,0.05,-0.51,-91.07143,209.0,1258,0.6718782812500002,False,REGULAR,USD,INTC,2026-08-05,CALL,101.23999786376953,1.0667720493764417,0.05,0.0
INTC260805C00109000,2026-08-05 13:34:54+00:00,109.0,0.08,0.06,0.08,-0.37,-82.22222,53.0,1223,0.79687703125,False,REGULAR,USD,INTC,2026-08-05,CALL,101.23999786376953,1.0766495683521495,0.07,0.28571428571428575
INTC260805C00110000,2026-08-05 13:37:28+00:00,110.0,0.03,0.03,0.04,-0.32,-91.42857,6856.0,14351,0.7812521875,False,REGULAR,USD,INTC,2026-08-05,CALL,101.23999786376953,1.0865270873278572,0.035,0.28571428571428575
QCOM260807C00144000,2026-08-04 19:59:58+00:00,144.0,18.9,14.85,17.9,0.0,0.0,56.0,2859,1.0000000000000003e-05,True,REGULAR,USD,QCOM,2026-08-07,CALL,162.05999755859375,0.8885598060553835,16.375,0.18625954198473277
QCOM260807C00145000,2026-08-04 15:34:07+00:00,145.0,16.1,14.05,16.95,0.0,0.0,58.0,184,1.0000000000000003e-05,True,REGULAR,USD,QCOM,2026-08-07,CALL,162.05999755859375,0.8947303602641016,15.5,0.18709677419354828
QCOM260807C00148000,2026-08-04 19:38:48+00:00,148.0,15.5,11.35,14.2,0.0,0.0,62.0,154,0.5800823242187501,True,REGULAR,USD,QCOM,2026-08-07,CALL,162.05999755859375,0.9132420228902554,12.774999999999999,0.22309197651663404
QCOM260807C00149000,2026-08-04 19:00:39+00:00,149.0,14.0,10.85,13.1,0.0,0.0,63.0,410,0.4414118359375,True,REGULAR,USD,QCOM,2026-08-07,CALL,162.05999755859375,0.9194125770989733,11.975,0.18789144050104384
QCOM260807C00150000,2026-08-04 19:56:15+00:00,150.0,13.39,9.35,11.75,0.0,0.0,236.0,726,1.0000000000000003e-05,True,REGULAR,USD,QCOM,2026-08-07,CALL,162.05999755859375,0.9255831313076912,10.55,0.2274881516587678
QCOM260807C00152500,2026-08-04 19:58:34+00:00,152.5,11.09,7.9,8.65,0.0,0.0,134.0,1172,1.0000000000000003e-05,True,REGULAR,USD,QCOM,2026-08-07,CALL,162.05999755859375,0.9410095168294861,8.275,0.09063444108761329
QCOM260807C00155000,2026-08-04 19:59:44+00:00,155.0,9.05,6.1,6.8,0.0,0.0,713.0,9176,1.0000000000000003e-05,True,REGULAR,USD,QCOM,2026-08-07,CALL,162.05999755859375,0.956435902351281,6.449999999999999,0.10852713178294578
QCOM260807C00162500,2026-08-05 13:37:21+00:00,162.5,2.51,2.5,2.6,-1.8700001,-42.694065,183.0,864,0.47949739257812496,False,REGULAR,USD,QCOM,2026-08-07,CALL,162.05999755859375,1.0027150589166656,2.55,0.03921568627450984
QCOM260807C00165000,2026-08-05 13:37:54+00:00,165.0,1.79,1.7,1.94,-1.6100001,-47.352943,217.0,1803,0.5188036401367188,False,REGULAR,USD,QCOM,2026-08-07,CALL,162.05999755859375,1.0181414444384604,1.8199999999999998,0.13186813186813187
QCOM260807C00170000,2026-08-05 13:37:27+00:00,170.0,0.8,0.72,0.85,-0.91,-50.276245,129.0,2235,0.56055126953125,False,REGULAR,USD,QCOM,2026-08-07,CALL,162.05999755859375,1.04899421548205,0.7849999999999999,0.1656050955414013
QCOM260807C00175000,2026-08-05 13:36:41+00:00,175.0,0.37,0.34,0.38,-0.51,-57.954544,186.0,8997,0.614261669921875,False,REGULAR,USD,QCOM,2026-08-07,CALL,162.05999755859375,1.0798469865256397,0.36,0.11111111111111106
MU260805C00780000,2026-08-04 19:44:28+00:00,780.0,116.45,105.95,119.05,0.0,0.0,67.0,399,1.0000000000000003e-05,True,REGULAR,USD,MU,2026-08-05,CALL,913.9500122070312,0.8534383605033659,112.5,0.11644444444444439
MU260805C00785000,2026-08-04 19:42:10+00:00,785.0,111.86,100.4,115.3,0.0,0.0,148.0,351,1.0000000000000003e-05,True,REGULAR,USD,MU,2026-08-05,CALL,913.9500122070312,0.8589091192245413,107.85,0.13815484469170136
MU260805C00815000,2026-08-04 19:58:17+00:00,815.0,81.1,73.6,82.0,0.0,0.0,444.0,486,1.0000000000000003e-05,True,REGULAR,USD,MU,2026-08-05,CALL,913.9500122070312,0.8917336715515939,77.8,0.10796915167095124
MU260805C00820000,2026-08-04 19:57:58+00:00,820.0,77.0,71.4,77.95,0.0,0.0,205.0,783,1.0000000000000003e-05,True,REGULAR,USD,MU,2026-08-05,CALL,913.9500122070312,0.8972044302727693,74.67500000000001,0.08771342484097752
MU260805C00825000,2026-08-04 19:58:47+00:00,825.0,73.2,66.0,73.0,0.0,0.0,503.0,501,1.0000000000000003e-05,True,REGULAR,USD,MU,2026-08-05,CALL,913.9500122070312,0.9026751889939447,69.5,0.10071942446043165
MU260805C00830000,2026-08-04 19:46:11+00:00,830.0,70.7,60.85,67.35,0.0,0.0,414.0,589,1.0000000000000003e-05,True,REGULAR,USD,MU,2026-08-05,CALL,913.9500122070312,0.9081459477151201,64.1,0.10140405616224639
MU260805C00845000,2026-08-04 19:58:25+00:00,845.0,57.0,47.4,53.55,0.0,0.0,306.0,333,1.0000000000000003e-05,True,REGULAR,USD,MU,2026-08-05,CALL,913.9500122070312,0.9245582238786464,50.474999999999994,0.12184249628528973
MU260805C00855000,2026-08-04 19:57:48+00:00,855.0,47.7,40.15,43.35,0.0,0.0,251.0,211,1.0000000000000003e-05,True,REGULAR,USD,MU,2026-08-05,CALL,913.9500122070312,0.9354997413209972,41.75,0.07664670658682642
MU260805C00870000,2026-08-05 13:33:28+00:00,870.0,34.0,28.95,32.25,-4.0,-10.526316,77.0,632,1.0000000000000003e-05,True,REGULAR,USD,MU,2026-08-05,CALL,913.9500122070312,0.9519120174845235,30.6,0.10784313725490198
MU260805C00875000,2026-08-05 13:36:28+00:00,875.0,28.35,25.45,27.7,-8.109999,-22.243551,68.0,634,1.0000000000000003e-05,True,REGULAR,USD,MU,2026-08-05,CALL,913.9500122070312,0.9573827762056989,26.575,0.08466603951081844
MU260805C00880000,2026-08-05 13:36:50+00:00,880.0,22.45,22.15,23.6,-10.549999,-31.969694,83.0,1082,1.0000000000000003e-05,True,REGULAR,USD,MU,2026-08-05,CALL,913.9500122070312,0.9628535349268743,22.875,0.06338797814207663
MU260805C00885000,2026-08-05 13:36:22+00:00,885.0,24.25,20.3,23.35,-5.0,-17.094017,71.0,389,1.0000000000000003e-05,True,REGULAR,USD,MU,2026-08-05,CALL,913.9500122070312,0.9683242936480497,21.825000000000003,0.13974799541809851
MU260805C00890000,2026-08-05 13:38:07+00:00,890.0,18.87,18.7,19.75,-6.8899994,-25.911995,759.0,885,1.0000000000000003e-05,True,REGULAR,USD,MU,2026-08-05,CALL,913.9500122070312,0.9737950523692251,19.225,0.05461638491547467
MU260805C00895000,2026-08-05 13:37:48+00:00,895.0,15.45,15.9,16.5,-8.099999,-34.3949,795.0,949,1.0000000000000003e-05,True,REGULAR,USD,MU,2026-08-05,CALL,913.9500122070312,0.9792658110904006,16.2,0.037037037037037014
MU260805C00900000,2026-08-05 13:38:03+00:00,900.0,15.01,14.05,14.65,-6.1100006,-28.929926,2354.0,3342,0.2500075,True,REGULAR,USD,MU,2026-08-05,CALL,913.9500122070312,0.9847365698115761,14.350000000000001,0.04181184668989544
MU260805C00905000,2026-08-05 13:38:09+00:00,905.0,12.0,12.0,12.55,-7.0,-36.842106,360.0,463,0.3795228063964844,True,REGULAR,USD,MU,2026-08-05,CALL,913.9500122070312,0.9902073285327515,12.275,0.04480651731160902
MU260805C00910000,2026-08-05 13:37:46+00:00,910.0,10.0,9.15,9.5,-6.8999996,-40.8284,332.0,1034,0.38635867553710934,True,REGULAR,USD,MU,2026-08-05,CALL,913.9500122070312,0.9956780872539269,9.325,0.037533512064343126
MU260805C00915000,2026-08-05 13:36:24+00:00,915.0,9.38,7.7,8.05,-5.5999994,-37.383175,107.0,462,0.4484918432617187,False,REGULAR,USD,MU,2026-08-05,CALL,913.9500122070312,1.0011488459751023,7.875,0.044444444444444516
MU260805C00920000,2026-08-05 13:38:02+00:00,920.0,7.55,7.3,7.65,-5.9799995,-44.362015,499.0,1405,0.5335740002441407,False,REGULAR,USD,MU,2026-08-05,CALL,913.9500122070312,1.0066196046962776,7.475,0.04682274247491646
MU260805C00925000,2026-08-05 13:37:44+00:00,925.0,5.61,5.35,5.65,-6.0899997,-52.051277,289.0,1157,0.5247850256347657,False,REGULAR,USD,MU,2026-08-05,CALL,913.9500122070312,1.0120903634174532,5.5,0.054545454545454675
MU260805C00930000,2026-08-05 13:37:20+00:00,930.0,4.19,4.6,4.8,-6.1600003,-59.51691,352.0,1574,0.5660443786621094,False,REGULAR,USD,MU,2026-08-05,CALL,913.9500122070312,1.0175611221386285,4.699999999999999,0.04255319148936175
MU260805C00935000,2026-08-05 13:38:01+00:00,935.0,4.46,3.8,4.05,-4.84,-52.04301,156.0,707,0.596683720703125,False,REGULAR,USD,MU,2026-08-05,CALL,913.9500122070312,1.023031880859804,3.925,0.06369426751592357
MU260805C00940000,2026-08-05 13:37:33+00:00,940.0,3.14,3.05,3.3,-5.049999,-62.732918,469.0,761,0.6170692590332032,False,REGULAR,USD,MU,2026-08-05,CALL,913.9500122070312,1.0285026395809793,3.175,0.07874015748031496
MU260805C00945000,2026-08-05 13:37:24+00:00,945.0,2.26,2.26,2.43,-4.88,-68.06136,64.0,286,0.6174354663085939,False,REGULAR,USD,MU,2026-08-05,CALL,913.9500122070312,1.0339733983021548,2.3449999999999998,0.07249466950959504
MU260805C00950000,2026-08-05 13:37:57+00:00,950.0,2.1,2.02,2.18,-3.9700003,-65.403625,1512.0,2496,0.6577182666015625,False,REGULAR,USD,MU,2026-08-05,CALL,913.9500122070312,1.0394441570233302,2.1,0.07619047619047625
MU260805C00955000,2026-08-05 13:37:50+00:00,955.0,1.5,1.83,1.93,-3.6999998,-71.15384,237.0,642,0.6953155468750001,False,REGULAR,USD,MU,2026-08-05,CALL,913.9500122070312,1.0449149157445057,1.88,0.05319148936170206
MU260805C00960000,2026-08-05 13:37:05+00:00,960.0,1.21,1.03,1.18,-3.44,-73.97849,350.0,610,0.6567417138671876,False,REGULAR,USD,MU,2026-08-05,CALL,913.9500122070312,1.0503856744656812,1.105,0.13574660633484156
MU260805C00965000,2026-08-05 13:37:23+00:00,965.0,0.92,0.9,1.01,-3.15,-76.82927,177.0,441,0.68555001953125,False,REGULAR,USD,MU,2026-08-05,CALL,913.9500122070312,1.0558564331868565,0.9550000000000001,0.11518324607329841
MU260805C00970000,2026-08-05 13:37:14+00:00,970.0,0.7,0.68,0.78,-2.8,-79.77208,247.0,924,0.6948272705078126,False,REGULAR,USD,MU,2026-08-05,CALL,913.9500122070312,1.061327191908032,0.73,0.13698630136986298
MU260805C00975000,2026-08-05 13:37:06+00:00,975.0,0.6,0.56,0.67,-2.3600001,-79.72974,93.0,612,0.717776259765625,False,REGULAR,USD,MU,2026-08-05,CALL,913.9500122070312,1.0667979506292073,0.615,0.17886178861788615
MU260805C00980000,2026-08-05 13:37:28+00:00,980.0,0.48,0.45,0.57,-2.09,-80.69498,221.0,852,0.737307314453125,False,REGULAR,USD,MU,2026-08-05,CALL,913.9500122070312,1.0722687093503829,0.51,0.2352941176470587
MU260805C00985000,2026-08-05 13:37:12+00:00,985.0,0.39,0.35,0.39,-1.88,-83.185844,172.0,410,0.7392604199218749,False,REGULAR,USD,MU,2026-08-05,CALL,913.9500122070312,1.0777394680715582,0.37,0.10810810810810821
MU260805C00990000,2026-08-05 13:37:06+00:00,990.0,0.3,0.28,0.36,-1.6199999,-84.375,223.0,761,0.762697685546875,False,REGULAR,USD,MU,2026-08-05,CALL,913.9500122070312,1.0832102267927337,0.32,0.24999999999999986
MU260805C00995000,2026-08-05 13:36:27+00:00,995.0,0.3,0.2,0.28,-1.3900001,-82.24853,81.0,826,0.7685570019531252,False,REGULAR,USD,MU,2026-08-05,CALL,913.9500122070312,1.088680985513909,0.24000000000000002,0.33333333333333337
MU260805C01000000,2026-08-05 13:38:12+00:00,1000.0,0.22,0.21,0.22,-1.18,-84.28571,1094.0,4612,0.7939473730468749,False,REGULAR,USD,MU,2026-08-05,CALL,913.9500122070312,1.0941517442350845,0.215,0.046511627906976785
MU260805C01010000,2026-08-05 13:36:53+00:00,1010.0,0.1,0.13,0.18,-0.97,-90.6542,88.0,523,0.8320329296874999,False,REGULAR,USD,MU,2026-08-05,CALL,913.9500122070312,1.1050932616774354,0.155,0.32258064516129026
MU260805C01020000,2026-08-05 13:34:55+00:00,1020.0,0.15,0.09,0.15,-0.65,-81.25001,111.0,669,0.8730481445312499,False,REGULAR,USD,MU,2026-08-05,CALL,913.9500122070312,1.1160347791197862,0.12,0.5
NFLX260807C00068000,2026-08-04 19:57:34+00:00,68.0,5.6,5.9,7.6,0.0,0.0,89.0,1120,1.0732468212890627,True,REGULAR,USD,NFLX,2026-08-07,CALL,74.0199966430664,0.9186706712228646,6.75,0.25185185185185177
NFLX260807C00073000,2026-08-05 13:36:56+00:00,73.0,2.14,2.01,2.09,0.6200001,40.789482,294.0,12277,0.5585981640625001,True,REGULAR,USD,NFLX,2026-08-07,CALL,74.0199966430664,0.9862199852833694,2.05,0.039024390243902474
NFLX260807C00074000,2026-08-05 13:38:09+00:00,74.0,1.44,1.41,1.44,0.42000008,41.58417,1411.0,11309,0.5283250292968751,True,REGULAR,USD,NFLX,2026-08-07,CALL,74.0199966430664,0.9997298480954703,1.4249999999999998,0.02105263157894739
NFLX260807C00075000,2026-08-05 13:37:47+00:00,75.0,0.97,0.96,0.97,0.31,46.969696,4091.0,27311,0.5195360546875,False,REGULAR,USD,NFLX,2026-08-07,CALL,74.0199966430664,1.0132397109075713,0.965,0.010362694300518144
NFLX260807C00076000,2026-08-05 13:37:53+00:00,76.0,0.59,0.59,0.6,0.17999998,43.902435,1497.0,13993,0.5019581054687501,False,REGULAR,USD,NFLX,2026-08-07,CALL,74.0199966430664,1.0267495737196721,0.595,0.016806722689075647
NFLX260807C00077000,2026-08-05 13:37:28+00:00,77.0,0.37,0.36,0.38,0.13000001,54.16667,725.0,15694,0.5039112109375,False,REGULAR,USD,NFLX,2026-08-07,CALL,74.0199966430664,1.0402594365317732,0.37,0.054054054054054106
NFLX260807C00078000,2026-08-05 13:37:14+00:00,78.0,0.2,0.21,0.23,0.060000002,42.857143,366.0,10070,0.50586431640625,False,REGULAR,USD,NFLX,2026-08-07,CALL,74.0199966430664,1.053769299343874,0.22,0.090909090909091
NFLX260807C00080000,2026-08-05 13:34:57+00:00,80.0,0.08,0.06,0.08,0.029999997,59.999996,325.0,8786,0.5117236328125,False,REGULAR,USD,NFLX,2026-08-07,CALL,74.0199966430664,1.080789024968076,0.07,0.28571428571428575
NFLX260807C00083000,2026-08-04 19:59:20+00:00,83.0,0.02,0.02,0.03,0.0,0.0,127.0,1129,0.5937540625000001,False,REGULAR,USD,NFLX,2026-08-07,CALL,74.0199966430664,1.1213186134043789,0.025,0.3999999999999999
PYPL260807C00059000,2026-08-05 13:34:37+00:00,59.0,0.65,0.6,0.8,0.120000005,22.64151,146.0,1966,0.41211525390625,False,REGULAR,USD,PYPL,2026-08-07,CALL,58.84000015258789,1.0027192360128685,0.7,0.2857142857142858
PYPL260807C00060000,2026-08-05 13:38:08+00:00,60.0,0.34,0.34,0.35,0.06999999,25.92592,536.0,6628,0.372076591796875,False,REGULAR,USD,PYPL,2026-08-07,CALL,58.84000015258789,1.0197144773012223,0.345,0.02898550724637668
PYPL260807C00062000,2026-08-05 13:33:48+00:00,62.0,0.08,0.08,0.11,0.02,33.333336,55.0,708,0.44336494140625,False,REGULAR,USD,PYPL,2026-08-07,CALL,58.84000015258789,1.0537049598779298,0.095,0.3157894736842105
SNAP260807C00005000,2026-08-05 13:37:34+00:00,5.0,0.59,0.58,0.67,-0.20000005,-25.31646,1319.0,30583,0.9531254687499999,True,REGULAR,USD,SNAP,2026-08-07,CALL,5.605000019073486,0.8920606570892584,0.625,0.14400000000000013
SNAP260807C00005500,2026-08-05 13:37:21+00:00,5.5,0.19,0.2,0.21,-0.15,-44.11765,611.0,18261,0.73437765625,True,REGULAR,USD,SNAP,2026-08-07,CALL,5.605000019073486,0.9812667227981843,0.20500000000000002,0.04878048780487795
SNAP260807C00006000,2026-08-05 13:37:26+00:00,6.0,0.05,0.04,0.05,-0.02,-33.333336,419.0,31844,0.8437515624999999,False,REGULAR,USD,SNAP,2026-08-07,CALL,5.605000019073486,1.0704727885071101,0.045,0.22222222222222227
UBER260807C00065000,2026-08-05 13:34:49+00:00,65.0,3.55,3.5,4.0,-3.95,-52.666668,203.0,186,0.63867548828125,True,REGULAR,USD,UBER,2026-08-07,CALL,68.63999938964844,0.9469697053902162,3.75,0.13333333333333333
UBER260807C00069000,2026-08-05 13:37:56+00:00,69.0,1.06,1.01,1.13,-3.3899999,-76.17978,329.0,659,0.523442265625,False,REGULAR,USD,UBER,2026-08-07,CALL,68.63999938964844,1.0052447641834603,1.0699999999999998,0.11214953271028029
UBER260807C00070000,2026-08-05 13:37:20+00:00,70.0,0.73,0.7,0.82,-3.02,-80.53333,713.0,3745,0.5312546875,False,REGULAR,USD,UBER,2026-08-07,CALL,68.63999938964844,1.0198135288817713,0.76,0.15789473684210525
UBER260807C00071000,2026-08-05 13:36:35+00:00,71.0,0.48,0.44,0.53,-2.71,-84.95298,189.0,1290,0.534184345703125,False,REGULAR,USD,UBER,2026-08-07,CALL,68.63999938964844,1.0343822935800824,0.485,0.1855670103092784
UBER260807C00072000,2026-08-05 13:37:43+00:00,72.0,0.27,0.27,0.3,-2.42,-89.62963,471.0,4378,0.5302781347656251,False,REGULAR,USD,UBER,2026-08-07,CALL,68.63999938964844,1.0489510582783934,0.28500000000000003,0.10526315789473673
UBER260807C00073000,2026-08-05 13:37:25+00:00,73.0,0.18,0.14,0.19,-2.02,-91.81818,251.0,3025,0.53320779296875,False,REGULAR,USD,UBER,2026-08-07,CALL,68.63999938964844,1.0635198229767044,0.165,0.3030303030303029
UBER260807C00074000,2026-08-05 13:36:40+00:00,74.0,0.11,0.08,0.1,-1.66,-93.78531,343.0,6090,0.5351608984375,False,REGULAR,USD,UBER,2026-08-07,CALL,68.63999938964844,1.0780885876750153,0.09,0.22222222222222227
UBER260807C00075000,2026-08-05 13:37:52+00:00,75.0,0.05,0.05,0.06,-1.38,-95.833336,2560.0,9738,0.5507857421875001,False,REGULAR,USD,UBER,2026-08-07,CALL,68.63999938964844,1.0926573523733263,0.055,0.18181818181818174
UBER260807C00076000,2026-08-05 13:37:09+00:00,76.0,0.04,0.03,0.04,-1.08,-96.42858,300.0,2274,0.570316796875,False,REGULAR,USD,UBER,2026-08-07,CALL,68.63999938964844,1.1072261170716373,0.035,0.28571428571428575
PLTR260807C00139000,2026-08-04 19:56:48+00:00,139.0,23.45,24.3,25.7,0.0,0.0,2170.0,1346,1.2939488427734374,True,REGULAR,USD,PLTR,2026-08-07,CALL,163.31500244140625,0.8511159288618942,25.0,0.055999999999999946
PLTR260807C00140000,2026-08-05 13:37:03+00:00,140.0,25.03,24.0,24.9,2.0600014,8.9682255,146.0,10865,1.43359658203125,True,REGULAR,USD,PLTR,2026-08-07,CALL,163.31500244140625,0.8572390650407568,24.45,0.036809815950920186
PLTR260807C00145000,2026-08-05 13:37:02+00:00,145.0,19.48,18.5,20.0,1.3699989,7.564875,162.0,7683,1.1220747021484376,True,REGULAR,USD,PLTR,2026-08-07,CALL,163.31500244140625,0.8878547459350695,19.25,0.07792207792207792
PLTR260807C00150000,2026-08-05 13:37:11+00:00,150.0,14.8,14.35,15.1,1.4200001,10.612855,271.0,21222,1.0224658251953125,True,REGULAR,USD,PLTR,2026-08-07,CALL,163.31500244140625,0.9184704268293822,14.725,0.050933786078098474
PLTR260807C00155000,2026-08-05 13:36:55+00:00,155.0,10.5,10.0,10.5,1.2700005,13.759485,148.0,9044,0.8754895263671875,True,REGULAR,USD,PLTR,2026-08-07,CALL,163.31500244140625,0.949086107723695,10.25,0.04878048780487805
PLTR260807C00157500,2026-08-05 13:37:11+00:00,157.5,8.8,8.0,8.4,1.2600002,16.710878,134.0,8643,0.8164080859374999,True,REGULAR,USD,PLTR,2026-08-07,CALL,163.31500244140625,0.9643939481708513,8.2,0.0487804878048781
PLTR260807C00160000,2026-08-05 13:38:18+00:00,160.0,7.2,7.0,7.2,1.3499999,23.076921,2133.0,15099,0.9028330029296875,True,REGULAR,USD,PLTR,2026-08-07,CALL,163.31500244140625,0.9797017886180077,7.1,0.028169014084507067
PLTR260807C00162500,2026-08-05 13:38:01+00:00,162.5,5.35,5.5,5.65,0.8499999,18.888887,1114.0,6583,0.8754895263671875,True,REGULAR,USD,PLTR,2026-08-07,CALL,163.31500244140625,0.9950096290651641,5.575,0.02690582959641262
PLTR260807C00165000,2026-08-05 13:38:23+00:00,165.0,4.5,4.5,4.5,1.2,35.820896,6333.0,20952,0.8930674755859375,False,REGULAR,USD,PLTR,2026-08-07,CALL,163.31500244140625,1.0103174695123205,4.5,0.0
PLTR260807C00167500,2026-08-05 13:38:04+00:00,167.5,3.2,3.1,3.25,0.76,31.147541,2928.0,11077,0.8344743115234373,False,REGULAR,USD,PLTR,2026-08-07,CALL,163.31500244140625,1.0256253099594768,3.175,0.04724409448818895
PLTR260807C00170000,2026-08-05 13:38:23+00:00,170.0,2.46,2.4,2.46,0.74,43.023254,6253.0,20349,0.8447281152343749,False,REGULAR,USD,PLTR,2026-08-07,CALL,163.31500244140625,1.0409331504066333,2.4299999999999997,0.024691358024691384
PLTR260807C00175000,2026-08-05 13:38:04+00:00,175.0,1.11,1.11,1.14,0.31,38.271606,2535.0,9760,0.8022480712890624,False,REGULAR,USD,PLTR,2026-08-07,CALL,163.31500244140625,1.071548831300946,1.125,0.02666666666666649
PLTR260807C00180000,2026-08-05 13:38:14+00:00,180.0,0.55,0.53,0.54,0.17000002,44.736847,3478.0,11174,0.80664255859375,False,REGULAR,USD,PLTR,2026-08-07,CALL,163.31500244140625,1.1021645121952586,0.535,0.018691588785046745
PLTR260807C00185000,2026-08-05 13:38:09+00:00,185.0,0.28,0.27,0.29,0.08,47.058823,510.0,4305,0.8388687988281249,False,REGULAR,USD,PLTR,2026-08-07,CALL,163.31500244140625,1.1327801930895713,0.28,0.07142857142857129
SOFI260807C00017000,2026-08-05 13:36:51+00:00,17.0,1.45,1.45,1.65,-0.27999997,-16.184969,583.0,12863,1.0000000000000003e-05,True,REGULAR,USD,SOFI,2026-08-07,CALL,18.73539924621582,0.9073732444443992,1.5499999999999998,0.12903225806451613
SOFI260807C00017500,2026-08-05 13:36:58+00:00,17.5,1.06,1.05,1.1,-0.20000005,-15.873019,222.0,16405,1.0000000000000003e-05,True,REGULAR,USD,SOFI,2026-08-07,CALL,18.73539924621582,0.9340606928104109,1.0750000000000002,0.04651162790697678
SOFI260807C00018000,2026-08-05 13:36:58+00:00,18.0,0.69,0.64,0.71,-0.16000003,-18.82353,246.0,20810,1.0000000000000003e-05,True,REGULAR,USD,SOFI,2026-08-07,CALL,18.73539924621582,0.9607481411764227,0.675,0.10370370370370363
SOFI260807C00018500,2026-08-05 13:37:37+00:00,18.5,0.36,0.36,0.38,-0.13,-26.530611,705.0,22168,0.34766277343749996,True,REGULAR,USD,SOFI,2026-08-07,CALL,18.73539924621582,0.9874355895424344,0.37,0.054054054054054106
SOFI260807C00019000,2026-08-05 13:38:21+00:00,19.0,0.19,0.18,0.19,-0.06999999,-26.923075,1685.0,22434,0.437505625,False,REGULAR,USD,SOFI,2026-08-07,CALL,18.73539924621582,1.0141230379084463,0.185,0.054054054054054106
SOFI260807C00019500,2026-08-05 13:34:45+00:00,19.5,0.1,0.1,0.11,-0.019999996,-16.666662,584.0,19912,0.523442265625,False,REGULAR,USD,SOFI,2026-08-07,CALL,18.73539924621582,1.0408104862744578,0.10500000000000001,0.09523809523809518
SOFI260807C00020000,2026-08-05 13:37:22+00:00,20.0,0.05,0.03,0.04,0.0,0.0,1664.0,14511,0.51562984375,False,REGULAR,USD,SOFI,2026-08-07,CALL,18.73539924621582,1.0674979346404696,0.035,0.28571428571428575
RIVN260807C00014000,2026-08-04 19:26:54+00:00,14.0,1.84,1.27,1.62,0.0,0.0,128.0,197,1.109379453125,True,REGULAR,USD,RIVN,2026-08-07,CALL,15.49899959564209,0.9032841064100957,1.445,0.24221453287197237
RIVN260807C00016000,2026-08-05 13:35:06+00:00,16.0,0.16,0.16,0.18,-0.110000014,-40.740746,179.0,10151,0.6445348046875,False,REGULAR,USD,RIVN,2026-08-07,CALL,15.49899959564209,1.0323246930401093,0.16999999999999998,0.11764705882352937
RIVN260807C00016500,2026-08-05 13:37:51+00:00,16.5,0.06,0.07,0.07,-0.08,-57.142857,512.0,30685,0.648441015625,False,REGULAR,USD,RIVN,2026-08-07,CALL,15.49899959564209,1.0645848396976128,0.07,0.0
