contractSymbol,lastTradeDate,strike,lastPrice,bid,ask,change,percentChange,volume,openInterest,impliedVolatility,inTheMoney,contractSize,currency,ticker,expiry,option_type,underlying_price,moneyness,mid_price,spread_pct,delta_score,vol_oi_score,gamma_score,liquidity_bonus,composite_score
QQQ260805C00728000,2026-08-05 13:37:12+00:00,728.0,2.38,2.37,2.39,-0.3599999,-13.1868105,9806.0,1956,0.1893391613769531,False,REGULAR,USD,QQQ,2026-08-05,CALL,726.969970703125,1.001416880116628,2.38,0.0084033613445378,97.71457961769099,100.0,63.11305379231771,10.0,99.86
QQQ260805C00727000,2026-08-05 13:37:14+00:00,727.0,2.7,2.68,2.69,-0.39999986,-12.903221,14386.0,2577,0.1782308740234375,False,REGULAR,USD,QQQ,2026-08-05,CALL,726.969970703125,1.0000413074791052,2.685,0.0037243947858472,99.98217326495374,100.0,59.410291341145836,10.0,99.85
SPY260805C00777000,2026-08-05 13:37:18+00:00,777.0,1.89,1.88,1.89,1.25,198.4127,36813.0,6953,0.16602396484375,False,REGULAR,USD,SPY,2026-08-05,CALL,775.2100219726562,1.0023090233312373,1.885,0.0053050397877984,96.27650407528901,100.0,55.341321614583336,10.0,97.35
AMD260805C00492500,2026-08-05 13:37:49+00:00,492.5,6.1,6.25,6.7,-30.300001,-83.24175,812.0,135,0.743166630859375,False,REGULAR,USD,AMD,2026-08-05,CALL,490.0150146484375,1.0050712432829132,6.475,0.0694980694980695,91.97884702243911,100.0,100.0,0.0,96.79
SPY260805C00776000,2026-08-05 13:37:16+00:00,776.0,2.3,2.3,2.31,1.41,158.42697,29435.0,6203,0.1659018957519531,False,REGULAR,USD,SPY,2026-08-05,CALL,775.2100219726562,1.0010190503282368,2.305,0.0043383947939263,98.36404361269851,94.89521047410764,55.3006319173177,10.0,96.38
QQQ260805C00726000,2026-08-05 13:37:18+00:00,726.0,3.17,3.15,3.17,-0.54999995,-14.905148,12176.0,2825,0.1751791467285156,True,REGULAR,USD,QQQ,2026-08-05,CALL,726.969970703125,0.9986657348415824,3.16,0.0063291139240506,97.84903042904102,86.17338335894794,58.3930489095052,10.0,93.9
NVDA260805C00222500,2026-08-05 13:37:32+00:00,222.5,0.8,0.8,0.83,0.71000004,788.8891,28659.0,7837,0.4062559375,False,REGULAR,USD,NVDA,2026-08-05,CALL,219.8300018310547,1.0121457405572751,0.815,0.0368098159509201,81.9373089830415,73.08241744767886,100.0,10.0,93.35
NVDA260805C00220000,2026-08-05 13:37:33+00:00,220.0,1.65,1.65,1.66,1.48,822.2225,67381.0,27949,0.3818421191406249,False,REGULAR,USD,NVDA,2026-08-05,CALL,219.8300018310547,1.0007733165060697,1.6549999999999998,0.0060422960725075,98.76777025625432,48.110578845280735,100.0,10.0,91.35
AMD260805C00490000,2026-08-05 13:38:07+00:00,490.0,9.04,8.75,9.3,-29.96,-77.39603,1478.0,425,0.8781750463867187,True,REGULAR,USD,AMD,2026-08-05,CALL,490.0150146484375,0.9999693587992436,9.025,0.0609418282548477,100.0,69.4903036476034,90.22811920166016,0.0,86.88
META260805C00597500,2026-08-05 13:36:54+00:00,597.5,3.5,3.7,4.05,1.05,42.85714,747.0,252,0.2963937548828125,True,REGULAR,USD,META,2026-08-05,CALL,598.1799926757812,0.9988632306594885,3.875,0.0903225806451612,98.17133303205603,59.20195439739414,98.79791829427084,0.0,84.69
SPY260805C00779000,2026-08-05 13:37:13+00:00,779.0,1.28,1.27,1.28,0.9,243.24324,20117.0,6070,0.170906728515625,False,REGULAR,USD,SPY,2026-08-05,CALL,775.2100219726562,1.0048889693372378,1.275,0.0078431372549019,92.25546615444351,66.21399688360634,56.96890950520833,10.0,84.32
SPY260805C00790000,2026-08-05 13:37:12+00:00,790.0,0.19,0.18,0.19,0.099999994,111.1111,6107.0,1674,0.2202226416015624,False,REGULAR,USD,SPY,2026-08-05,CALL,775.2100219726562,1.0190786723702412,0.185,0.0540540540540541,73.2542756096523,72.907340736931,73.40754720052081,10.0,83.17
AMD260805C00495000,2026-08-05 13:37:48+00:00,495.0,5.4,5.25,5.6,-32.35,-85.69536,1112.0,325,0.7423121472167968,False,REGULAR,USD,AMD,2026-08-05,CALL,490.0150146484375,1.0101731277665829,5.425,0.064516129032258,84.60757599860769,68.36582310197944,100.0,0.0,82.77
NVDA260805C00227500,2026-08-05 13:37:23+00:00,227.5,0.19,0.18,0.19,0.15,375.0001,9122.0,2653,0.46289599609375,False,REGULAR,USD,NVDA,2026-08-05,CALL,219.8300018310547,1.0348905886596858,0.185,0.0540540540540541,56.79009274384804,68.7031795710603,100.0,10.0,81.76
TSLA260805C00325000,2026-08-05 13:37:33+00:00,325.0,2.04,2.0,2.06,-3.56,-63.345196,7509.0,6753,0.358404853515625,False,REGULAR,USD,TSLA,2026-08-05,CALL,324.2200012207031,1.002405770083154,2.03,0.0295566502463054,96.12206068188041,22.079030269648715,100.0,10.0,81.18
SPY260805C00778000,2026-08-05 13:37:12+00:00,778.0,1.58,1.58,1.59,1.09,227.08333,19202.0,7056,0.1704184521484375,False,REGULAR,USD,SPY,2026-08-05,CALL,775.2100219726562,1.0035989963342375,1.585,0.0063091482649842,94.24095094201967,54.33368301317898,56.806150716145844,10.0,80.91
QQQ260805C00729000,2026-08-05 13:37:14+00:00,729.0,1.99,1.99,2.0,-0.31999993,-13.852811,7356.0,3082,0.1909260595703125,False,REGULAR,USD,QQQ,2026-08-05,CALL,726.969970703125,1.002792452754151,1.995,0.0050125313283208,95.50767602481686,47.627714630879616,63.64201985677084,10.0,80.78
NVDA260805C00225000,2026-08-05 13:37:32+00:00,225.0,0.39,0.38,0.39,0.32999998,550.0,25261.0,9698,0.430669755859375,False,REGULAR,USD,NVDA,2026-08-05,CALL,219.8300018310547,1.0235181646084806,0.385,0.0259740259740259,68.20603790882596,51.99672488724012,100.0,10.0,80.48
SPY260805C00783000,2026-08-05 13:36:57+00:00,783.0,0.54,0.53,0.54,0.37,217.64703,10637.0,3581,0.179695703125,False,REGULAR,USD,SPY,2026-08-05,CALL,775.2100219726562,1.010048861349239,0.535,0.0186915887850467,84.77899693130357,59.32447825358641,59.89856770833334,10.0,79.65
QQQ260805C00730000,2026-08-05 13:37:19+00:00,730.0,1.7,1.7,1.72,-0.19999993,-10.416663,16176.0,7126,0.1967853759765624,False,REGULAR,USD,QQQ,2026-08-05,CALL,726.969970703125,1.0041680253916738,1.71,0.0116959064327485,93.35905819064064,45.28761733339576,65.5951253255208,10.0,79.59
NVDA260805C00217500,2026-08-05 13:37:31+00:00,217.5,3.05,3.05,3.1,2.67,702.63184,22754.0,14858,0.3725648681640625,True,REGULAR,USD,NVDA,2026-08-05,CALL,219.8300018310547,0.9894008924548644,3.075,0.0162601626016261,84.02287613785421,30.485902580776287,100.0,10.0,79.28
QQQ260805C00731000,2026-08-05 13:37:03+00:00,731.0,1.41,1.41,1.43,-0.18000007,-11.392409,4045.0,1781,0.1989826196289062,False,REGULAR,USD,QQQ,2026-08-05,CALL,726.969970703125,1.005543598029197,1.42,0.0140845070422535,91.26644716230312,45.311641935807735,66.32753987630207,10.0,78.95
INTC260805C00101000,2026-08-05 13:37:55+00:00,101.0,0.83,0.84,0.89,-1.6400001,-66.39677,1221.0,2108,0.3466862207031249,True,REGULAR,USD,INTC,2026-08-05,CALL,101.23999786376952,0.9976294165464872,0.865,0.0578034682080925,96.17819770413345,11.402546396524908,100.0,10.0,77.46
GOOGL260805C00382500,2026-08-05 13:37:22+00:00,382.5,2.06,2.0,2.06,0.67999995,49.275356,1240.0,1259,0.4204159521484375,False,REGULAR,USD,GOOGL,2026-08-05,CALL,379.510009765625,1.007878554339638,2.03,0.0295566502463054,87.83653455859158,19.532971383681925,100.0,10.0,76.97
AMD260805C00500000,2026-08-05 13:38:05+00:00,500.0,5.0,4.75,5.0,-26.78,-86.86344,5467.0,2511,0.8684095190429688,False,REGULAR,USD,AMD,2026-08-05,CALL,490.0150146484375,1.020376896733922,4.875,0.0512820512820512,71.73951523174446,43.42826075809896,91.44881011962892,10.0,76.76
TSLA260805C00327500,2026-08-05 13:37:34+00:00,327.5,1.19,1.19,1.21,-3.06,-71.662766,4406.0,3936,0.370123486328125,False,REGULAR,USD,TSLA,2026-08-05,CALL,324.2200012207031,1.010116583699178,1.2,0.0166666666666666,84.68552848028475,22.228543721662145,100.0,10.0,76.65
QQQ260805C00735000,2026-08-05 13:37:12+00:00,735.0,0.76,0.75,0.76,-0.060000002,-7.3170733,10750.0,5024,0.2194902270507812,False,REGULAR,USD,QQQ,2026-08-05,CALL,726.969970703125,1.011045888579288,0.755,0.0132450331125827,83.41444430029476,42.676899553495865,73.16340901692708,10.0,76.59
TSLA260805C00322500,2026-08-05 13:37:28+00:00,322.5,3.15,3.15,3.25,-3.9499998,-55.6338,3793.0,5520,0.3388737988281249,True,REGULAR,USD,TSLA,2026-08-05,CALL,324.2200012207031,0.9946949564671296,3.2,0.03125,91.62543343989636,13.565300004720768,100.0,10.0,76.4
IWM260805C00303000,2026-08-05 13:36:52+00:00,303.0,0.61,0.61,0.62,-0.13,-17.567568,3159.0,877,0.1423425610351562,False,REGULAR,USD,IWM,2026-08-05,CALL,302.3699951171875,1.0020835562158483,0.615,0.016260162601626,96.6375685727058,71.98353018771621,47.44752034505206,0.0,75.71
NFLX260807C00074000,2026-08-05 13:38:09+00:00,74.0,1.44,1.41,1.44,0.42000008,41.58417,1411.0,11309,0.5283250292968751,True,REGULAR,USD,NFLX,2026-08-07,CALL,74.0199966430664,0.9997298480954704,1.4249999999999998,0.0210526315789473,99.60061522055781,2.2947652388114936,100.0,10.0,75.64
QQQ260805C00736000,2026-08-05 13:37:04+00:00,736.0,0.62,0.61,0.62,-0.089999974,-12.676053,2935.0,1418,0.2210771252441406,False,REGULAR,USD,QQQ,2026-08-05,CALL,726.969970703125,1.0124214612168108,0.615,0.016260162601626,81.571538540082,41.27576985862017,73.6923750813802,10.0,75.5
SPY260805C00775000,2026-08-05 13:37:18+00:00,775.0,2.81,2.81,2.83,1.66,146.90265,16946.0,10181,0.1682212084960938,True,REGULAR,USD,SPY,2026-08-05,CALL,775.2100219726562,0.9997290773252364,2.8200000000000003,0.0070921985815602,99.5993330389027,33.152219808606354,56.07373616536459,10.0,75.46
META260805C00600000,2026-08-05 13:37:14+00:00,600.0,2.75,2.62,2.79,0.83000004,43.22917,2132.0,4511,0.2900461621093749,False,REGULAR,USD,META,2026-08-05,CALL,598.1799926757812,1.0030425747208251,2.705,0.0628465804066543,95.11272321076993,9.266169676554593,96.6820540364583,10.0,75.46
SPY260805C00785000,2026-08-05 13:37:02+00:00,785.0,0.37,0.36,0.37,0.23,176.92307,11838.0,4820,0.1882405395507812,False,REGULAR,USD,SPY,2026-08-05,CALL,775.2100219726562,1.0126288073552396,0.365,0.0273972602739726,81.29765335006832,49.015659223206356,62.74684651692707,10.0,75.36
AMD260805C00502500,2026-08-05 13:37:06+00:00,502.5,3.74,3.6,4.0,-27.26,-87.935486,750.0,214,0.8322770678710936,False,REGULAR,USD,AMD,2026-08-05,CALL,490.0150146484375,1.0254787812175916,3.8,0.1052631578947368,66.09029514361913,70.0319323988073,95.96536651611332,0.0,74.94
AVGO260805C00425000,2026-08-05 13:37:25+00:00,425.0,3.75,3.25,3.7,0.1500001,4.1666694,1705.0,741,0.6071816625976563,False,REGULAR,USD,AVGO,2026-08-05,CALL,420.6900024414063,1.0102450677068182,3.475,0.1294964028776979,84.50851412593052,45.90784019352869,100.0,0.0,74.87
QQQ260805C00732000,2026-08-05 13:37:12+00:00,732.0,1.26,1.26,1.27,-0.08000004,-6.060609,4606.0,2723,0.2081378015136718,False,REGULAR,USD,QQQ,2026-08-05,CALL,726.969970703125,1.0069191706667195,1.265,0.0079051383399209,89.22768126676347,33.69420595609503,69.37926717122393,10.0,74.83
QQQ260805C00734000,2026-08-05 13:37:09+00:00,734.0,0.9,0.89,0.9,-0.120000005,-11.881188,4095.0,2309,0.2153398779296875,False,REGULAR,USD,QQQ,2026-08-05,CALL,726.969970703125,1.0096703159417653,0.895,0.0111731843575419,85.30358045048125,35.3371451702827,71.77995930989583,10.0,74.43
SLV260805C00056000,2026-08-05 13:36:50+00:00,56.0,0.31,0.31,0.33,0.27,675.0002,648.0,1608,0.26367923828125,True,REGULAR,USD,SLV,2026-08-05,CALL,56.041900634765625,0.9992523338021904,0.32,0.0625,98.81002576657345,7.870556355885581,87.89307942708334,10.0,74.25
META260805C00605000,2026-08-05 13:37:09+00:00,605.0,1.6,1.6,1.65,0.46000004,40.35088,1837.0,2163,0.3352117260742187,False,REGULAR,USD,META,2026-08-05,CALL,598.1799926757812,1.0114012628434987,1.625,0.0307692307692306,82.93397606112124,16.81488595464817,100.0,10.0,74.06
SPY260805C00782000,2026-08-05 13:37:12+00:00,782.0,0.68,0.67,0.68,0.46,209.09091,15020.0,7190,0.17774259765625,False,REGULAR,USD,SPY,2026-08-05,CALL,775.2100219726562,1.0087588883462386,0.675,0.0148148148148148,86.58160626977048,41.6604771613812,59.247532552083335,10.0,74.03
SPY260805C00794000,2026-08-05 13:37:08+00:00,794.0,0.12,0.12,0.13,0.049999997,71.428566,2761.0,1180,0.24805439453125,False,REGULAR,USD,SPY,2026-08-05,CALL,775.2100219726562,1.0242385643822425,0.125,0.08,67.42087889252004,46.68715694165574,82.68479817708334,10.0,73.98
AMD260805C00485000,2026-08-05 13:37:49+00:00,485.0,9.35,9.3,9.7,-32.35,-77.577934,1017.0,1399,0.6535679174804689,True,REGULAR,USD,AMD,2026-08-05,CALL,490.0150146484375,0.9897655898319044,9.5,0.0421052631578945,84.52318148339984,14.363140775408754,100.0,10.0,73.84
SPY260805C00800000,2026-08-05 13:36:54+00:00,800.0,0.08,0.08,0.09,0.029999997,59.999996,7840.0,2165,0.2939523730468749,False,REGULAR,USD,SPY,2026-08-05,CALL,775.2100219726562,1.0319784024002443,0.0849999999999999,0.1176470588235293,59.52602878236591,72.36821318855964,97.9841243489583,0.0,73.64
QQQ260805C00739000,2026-08-05 13:36:58+00:00,739.0,0.37,0.35,0.36,-0.13,-26.0,3289.0,967,0.231452998046875,False,REGULAR,USD,QQQ,2026-08-05,CALL,726.969970703125,1.0165481791293791,0.355,0.028169014084507,76.30383442219463,67.95903775384889,77.15099934895834,0.0,73.59
MSFT260805C00492500,2026-08-05 13:37:06+00:00,492.5,3.3,3.25,3.45,-1.1299999,-25.507898,782.0,1756,0.4926808544921875,False,REGULAR,USD,MSFT,2026-08-05,CALL,488.8949890136719,1.0073737941016765,3.35,0.0597014925373134,88.56535916652717,8.719203088858576,100.0,10.0,73.48
AAPL260805C00295000,2026-08-04 19:57:27+00:00,295.0,14.22,11.7,13.0,0.0,0.0,1039.0,258,0.4755911816406249,True,REGULAR,USD,AAPL,2026-08-05,CALL,307.8800048828125,0.958165503837396,12.35,0.1052631578947369,50.71977093028968,80.50260679347791,100.0,0.0,73.46
AMZN260805C00277500,2026-08-05 13:36:40+00:00,277.5,3.75,3.65,3.9,1.24,49.40239,638.0,5605,0.7485376708984376,False,REGULAR,USD,AMZN,2026-08-05,CALL,276.3450012207031,1.0041795537252165,3.775,0.0662251655629139,93.34129091184008,2.0754961963163536,100.0,10.0,73.06
SPY260805C00780000,2026-08-05 13:37:14+00:00,780.0,1.03,1.02,1.03,0.74,255.17245,34374.0,19209,0.1722494885253906,False,REGULAR,USD,SPY,2026-08-05,CALL,775.2100219726562,1.006178942340238,1.025,0.0097560975609756,90.31822486444588,35.65737591020239,57.416496175130206,10.0,72.96
SPY260805C00791000,2026-08-05 13:35:51+00:00,791.0,0.17,0.17,0.18,0.1,166.66669,2459.0,1144,0.2290116162109375,False,REGULAR,USD,SPY,2026-08-05,CALL,775.2100219726562,1.0203686453732417,0.175,0.057142857142857,71.74903969177387,42.872225066207584,76.33720540364584,10.0,72.79
INTC260805C00102000,2026-08-05 13:37:47+00:00,102.0,0.56,0.56,0.6,-1.54,-72.98579,1383.0,4732,0.428716650390625,False,REGULAR,USD,INTC,2026-08-05,CALL,101.23999786376952,1.0075069355221948,0.5800000000000001,0.0689655172413791,88.37245139996625,5.651607817995348,100.0,10.0,72.33
QQQ260805C00741000,2026-08-05 13:37:02+00:00,741.0,0.27,0.28,0.29,-0.119999975,-30.769224,1958.0,1162,0.2465895654296875,False,REGULAR,USD,QQQ,2026-08-05,CALL,726.969970703125,1.019299324404425,0.285,0.0350877192982454,72.99449467447891,33.56412104788088,82.19652180989583,10.0,71.49
GOOGL260805C00385000,2026-08-05 13:37:11+00:00,385.0,1.08,1.15,1.16,0.27000004,33.33334,1572.0,2263,0.3981993774414062,False,REGULAR,USD,GOOGL,2026-08-05,CALL,379.510009765625,1.0144659958712696,1.1549999999999998,0.0086580086580086,78.91424171986324,13.715917912309465,100.0,10.0,71.37
META260805C00602500,2026-08-05 13:37:01+00:00,602.5,2.16,2.04,2.31,0.5200001,33.12103,653.0,419,0.3281317187499999,False,REGULAR,USD,META,2026-08-05,CALL,598.1799926757812,1.007221918782162,2.175,0.1241379310344827,88.78599530041159,31.027848710345673,100.0,0.0,71.37
QQQ260805C00737000,2026-08-05 13:37:12+00:00,737.0,0.54,0.54,0.55,-0.089999974,-14.062496,3087.0,2071,0.2287674780273437,False,REGULAR,USD,QQQ,2026-08-05,CALL,726.969970703125,1.0137970338543336,0.545,0.018348623853211,79.77318667818133,29.667289534569253,76.25582600911457,10.0,71.36
SPY260805C00787000,2026-08-05 13:36:59+00:00,787.0,0.26,0.26,0.27,0.14999999,136.36363,7986.0,4132,0.1994708959960937,False,REGULAR,USD,SPY,2026-08-05,CALL,775.2100219726562,1.0152087533612402,0.265,0.0377358490566038,77.97222983924232,38.52820078171249,66.49029866536456,10.0,71.3
QQQ260805C00755000,2026-08-05 13:36:24+00:00,755.0,0.07,0.06,0.07,-0.059999995,-46.153843,3271.0,921,0.33399103515625,False,REGULAR,USD,QQQ,2026-08-05,CALL,726.969970703125,1.0385573413297449,0.065,0.1538461538461539,53.50882451001135,70.97189173955589,100.0,0.0,71.24
SPY260805C00792000,2026-08-05 13:37:18+00:00,792.0,0.14,0.14,0.15,0.07,87.49999,3046.0,1570,0.23242955078125,False,REGULAR,USD,SPY,2026-08-05,CALL,775.2100219726562,1.0216586183762415,0.145,0.0689655172413791,70.27572446678467,38.67664867473774,77.47651692708334,10.0,71.02
TSLA260805C00330000,2026-08-05 13:37:28+00:00,330.0,0.68,0.67,0.68,-2.47,-78.4127,6255.0,7447,0.3828186718749999,False,REGULAR,USD,TSLA,2026-08-05,CALL,324.2200012207031,1.0178273973152023,0.675,0.0148148148148148,74.7458462512676,16.627544171738933,100.0,10.0,70.72
AMD260805C00487500,2026-08-05 13:38:00+00:00,487.5,9.0,8.45,9.0,-31.2,-78.58942,357.0,277,0.7214383325195313,True,REGULAR,USD,AMD,2026-08-05,CALL,490.0150146484375,0.994867474315574,8.725,0.0630372492836677,91.88606023992425,25.623475544657225,100.0,0.0,70.72
GLD260805C00380000,2026-08-05 13:36:39+00:00,380.0,4.9,4.9,5.4,4.62,1649.9988,590.0,1419,0.3020089331054688,True,REGULAR,USD,GLD,2026-08-05,CALL,384.6293029785156,0.9879642478025804,5.15,0.0970873786407767,82.08372163834976,8.127096842863992,100.0,10.0,70.68
SPY260805C00788000,2026-08-05 13:36:40+00:00,788.0,0.23,0.23,0.24,0.13,129.99998,4576.0,2472,0.2065509033203124,False,REGULAR,USD,SPY,2026-08-05,CALL,775.2100219726562,1.0164987263642404,0.235,0.0425531914893616,76.36475096087075,36.893092920150224,68.8503011067708,10.0,70.67
PLTR260807C00162500,2026-08-05 13:38:01+00:00,162.5,5.35,5.5,5.65,0.8499999,18.888887,1114.0,6583,0.8754895263671875,True,REGULAR,USD,PLTR,2026-08-07,CALL,163.31500244140625,0.995009629065164,5.575,0.0269058295964126,92.10146044634419,3.1857118685899257,90.56380920410157,10.0,70.6
QQQ260805C00743000,2026-08-05 13:37:18+00:00,743.0,0.22,0.21,0.22,-0.09,-29.999998,2320.0,1443,0.2573316455078125,False,REGULAR,USD,QQQ,2026-08-05,CALL,726.969970703125,1.0220504696794708,0.215,0.0465116279069767,69.83434688701334,32.01565779998833,85.77721516927083,10.0,70.58
SPY260805C00789000,2026-08-05 13:37:03+00:00,789.0,0.2,0.2,0.21,0.1,90.909096,2929.0,1584,0.2126543579101562,False,REGULAR,USD,SPY,2026-08-05,CALL,775.2100219726562,1.017788699367241,0.205,0.0487804878048779,74.79248096700367,36.852679460471336,70.88478597005206,10.0,70.54
QQQ260805C00738000,2026-08-05 13:36:59+00:00,738.0,0.44,0.44,0.45,-0.100000024,-18.181822,2938.0,2051,0.2307205834960937,False,REGULAR,USD,QQQ,2026-08-05,CALL,726.969970703125,1.0151726064918565,0.445,0.0224719101123595,78.01779231614493,28.50265261379149,76.90686116536457,10.0,70.41
QQQ260805C00740000,2026-08-05 13:37:13+00:00,740.0,0.34,0.33,0.34,-0.09,-20.930233,7347.0,4959,0.242195078125,False,REGULAR,USD,QQQ,2026-08-05,CALL,726.969970703125,1.0179237517669022,0.335,0.0298507462686567,74.62986293548504,29.486206575039965,80.73169270833334,10.0,70.36
AMD260805C00497500,2026-08-05 13:37:24+00:00,497.5,5.0,4.8,5.3,-29.66,-85.57415,345.0,170,0.7985859985351562,False,REGULAR,USD,AMD,2026-08-05,CALL,490.0150146484375,1.0152750122502523,5.05,0.099009900990099,77.8887858989124,40.466009822410015,100.0,0.0,70.32
AMZN260805C00280000,2026-08-05 13:37:23+00:00,280.0,1.65,1.65,1.69,0.16999996,11.258276,3578.0,8589,0.5454147021484376,False,REGULAR,USD,AMZN,2026-08-05,CALL,276.3450012207031,1.0132262163713894,1.67,0.0239520958083832,80.51413963859981,8.14300111595619,100.0,10.0,70.06
TSLA260805C00320000,2026-08-05 13:37:02+00:00,320.0,4.6,4.5,4.7,-4.73,-50.69668,1898.0,3188,0.2802806347656249,True,REGULAR,USD,TSLA,2026-08-05,CALL,324.2200012207031,0.9869841428511054,4.6,0.0434782608695652,80.78908505713589,11.725921889926243,93.42687825520831,10.0,69.78
SPY260805C00781000,2026-08-05 13:37:08+00:00,781.0,0.83,0.82,0.83,0.58,232.0,11886.0,8422,0.1743246630859375,False,REGULAR,USD,SPY,2026-08-05,CALL,775.2100219726562,1.0074689153432383,0.825,0.0121212121212121,88.42748984012357,28.078416910996534,58.108221028645836,10.0,69.73
QQQ260805C00733000,2026-08-05 13:36:52+00:00,733.0,1.03,1.01,1.03,-0.13,-11.607142,2419.0,2270,0.2082598706054687,False,REGULAR,USD,QQQ,2026-08-05,CALL,726.969970703125,1.0082947433042424,1.02,0.0196078431372549,87.24070866228548,21.150895217926866,69.41995686848956,10.0,69.65
META260805C00595000,2026-08-05 13:37:04+00:00,595.0,4.63,4.55,4.85,1.5300002,49.354847,505.0,1379,0.2404861108398437,True,REGULAR,USD,META,2026-08-05,CALL,598.1799926757812,0.9946838865981515,4.699999999999999,0.0638297872340425,91.60873907915679,7.133489571412784,80.16203694661456,10.0,69.18
CVX260807C00187500,2026-08-04 18:55:56+00:00,187.5,4.25,3.15,4.7,0.0,0.0,144.0,155,0.5271043383789062,True,REGULAR,USD,CVX,2026-08-07,CALL,188.1699066162109,0.9964398844201092,3.925,0.3949044585987262,94.301562844583,18.413144345575507,100.0,0.0,69.17
QQQ260805C00725000,2026-08-05 13:37:13+00:00,725.0,3.69,3.68,3.71,-0.46000004,-11.111111,6048.0,6707,0.1720053503417969,True,REGULAR,USD,QQQ,2026-08-05,CALL,726.969970703125,0.9972901622040596,3.695,0.0081190798376183,95.63855103356464,17.86626534359973,57.33511678059897,10.0,68.84
MSFT260805C00482500,2026-08-04 19:50:21+00:00,482.5,13.69,10.15,11.85,0.0,0.0,620.0,396,0.7263210961914062,True,REGULAR,USD,MSFT,2026-08-05,CALL,488.8949890136719,0.9869195038661092,11.0,0.1545454545454544,80.70449121541895,31.171824537159704,100.0,0.0,68.19
NFLX260807C00075000,2026-08-05 13:37:47+00:00,75.0,0.97,0.96,0.97,0.31,46.969696,4091.0,27311,0.5195360546875,False,REGULAR,USD,NFLX,2026-08-07,CALL,74.0199966430664,1.0132397109075713,0.965,0.0103626943005181,80.49653676689437,2.7962997007822654,100.0,10.0,68.18
PLTR260807C00165000,2026-08-05 13:38:23+00:00,165.0,4.5,4.5,4.5,1.2,35.820896,6333.0,20952,0.8930674755859375,False,REGULAR,USD,PLTR,2026-08-07,CALL,163.31500244140625,1.0103174695123205,4.5,0.0,84.40894670791633,5.8519568815812555,88.36656555175783,10.0,67.9
SLV260805C00056500,2026-08-05 13:35:05+00:00,56.5,0.15,0.14,0.16,0.13000001,650.0002,858.0,692,0.2910227148437499,False,REGULAR,USD,SLV,2026-08-05,CALL,56.041900634765625,1.0081742296397098,0.15,0.1333333333333332,87.41276727375721,24.64297712140116,97.00757161458331,0.0,67.84
QQQ260805C00724000,2026-08-05 13:37:11+00:00,724.0,4.24,4.24,4.25,-0.36000013,-7.8602653,3323.0,3413,0.1641929284667969,True,REGULAR,USD,QQQ,2026-08-05,CALL,726.969970703125,0.9959145895665368,4.245,0.0023557126030623,93.48649817374883,19.30693892398891,54.73097615559897,10.0,67.83
SOFI260807C00018500,2026-08-05 13:37:37+00:00,18.5,0.36,0.36,0.38,-0.13,-26.530611,705.0,22168,0.3476627734374999,True,REGULAR,USD,SOFI,2026-08-07,CALL,18.73539924621582,0.9874355895424344,0.37,0.0540540540540541,81.38260770914643,0.4316344498440073,100.0,10.0,67.7
SLV260805C00057000,2026-08-05 13:37:06+00:00,57.0,0.06,0.05,0.06,0.049999997,499.99988,850.0,466,0.2949289257812499,False,REGULAR,USD,SLV,2026-08-05,CALL,56.041900634765625,1.0170961254772295,0.055,0.1818181818181817,75.63231074938055,36.35001092643675,98.3096419270833,0.0,67.55
AVGO260805C00422500,2026-08-05 13:37:03+00:00,422.5,4.05,3.55,4.05,-0.5,-11.961721,608.0,801,0.5285691674804689,False,REGULAR,USD,AVGO,2026-08-05,CALL,420.6900024414063,1.004302449661484,3.8,0.131578947368421,93.15212981223308,15.00652899801872,100.0,0.0,67.51
INTC260805C00103000,2026-08-05 13:37:17+00:00,103.0,0.4,0.4,0.4,-1.34,-74.86034,655.0,1917,0.48633326171875,False,REGULAR,USD,INTC,2026-08-05,CALL,101.23999786376952,1.0173844544979027,0.4,0.0,75.28147280790908,6.6419265988013985,100.0,10.0,67.44
MSFT260805C00500000,2026-08-05 13:37:21+00:00,500.0,0.76,0.76,0.8,-0.72,-48.648647,6621.0,9628,0.4086973193359374,False,REGULAR,USD,MSFT,2026-08-05,CALL,488.8949890136719,1.0227145117783516,0.78,0.0512820512820513,69.09281207659859,13.576203998409975,100.0,10.0,67.39
SPY260805C00774000,2026-08-05 13:36:58+00:00,774.0,3.36,3.34,3.37,1.9099998,131.72412,4715.0,7573,0.1683432775878906,True,REGULAR,USD,SPY,2026-08-05,CALL,775.2100219726562,0.9984391043222364,3.355,0.0089418777943368,97.48072607101005,12.272023814199654,56.1144258626302,10.0,67.32
IWM260805C00304000,2026-08-05 13:36:53+00:00,304.0,0.35,0.35,0.36,-0.09,-20.454546,2447.0,951,0.1523522265625,False,REGULAR,USD,IWM,2026-08-05,CALL,302.3699951171875,1.0053907626720064,0.355,0.028169014084507,91.49625281233001,51.36176325893701,50.78407552083334,0.0,67.27
SOFI260807C00019000,2026-08-05 13:38:21+00:00,19.0,0.19,0.18,0.19,-0.06999999,-26.923075,1685.0,22434,0.437505625,False,REGULAR,USD,SOFI,2026-08-07,CALL,18.73539924621582,1.0141230379084465,0.185,0.0540540540540541,79.35334065551551,1.2995485272906206,100.0,10.0,67.2
MU260805C00900000,2026-08-05 13:38:03+00:00,900.0,15.01,14.05,14.65,-6.1100006,-28.929926,2354.0,3342,0.2500075,True,REGULAR,USD,MU,2026-08-05,CALL,913.9500122070312,0.984736569811576,14.35,0.0418118466898954,77.90336499071428,13.910628183626395,83.33583333333333,10.0,66.86
AMZN260805C00282500,2026-08-05 13:37:31+00:00,282.5,0.76,0.73,0.78,-0.07999998,-9.523808,3485.0,6478,0.491216025390625,False,REGULAR,USD,AMZN,2026-08-05,CALL,276.3450012207031,1.0222728790175624,0.755,0.0662251655629139,69.58508565746246,10.575902709811265,100.0,10.0,66.54
V260807C00370000,2026-08-04 20:00:00+00:00,370.0,3.26,2.98,4.5,0.0,0.0,334.0,781,0.3721986608886719,False,REGULAR,USD,V,2026-08-07,CALL,369.2000122070313,1.0021668141021625,3.74,0.4064171122994652,96.5040532689982,8.3650069925342,100.0,0.0,66.53
QQQ260805C00742000,2026-08-05 13:37:03+00:00,742.0,0.24,0.24,0.25,-0.09000002,-27.272732,1543.0,1628,0.2514723291015625,False,REGULAR,USD,QQQ,2026-08-05,CALL,726.969970703125,1.020674897041948,0.245,0.0408163265306122,71.39640952515975,18.789044877678514,83.82410970052084,10.0,66.09
SLV260805C00055000,2026-08-05 13:35:23+00:00,55.0,1.03,1.04,1.08,0.90999997,758.3333,1357.0,2763,0.2773509765624999,True,REGULAR,USD,SLV,2026-08-05,CALL,56.041900634765625,0.9814085421271512,1.06,0.0377358490566038,73.83131321795685,9.637138253719975,92.4503255208333,10.0,66.02
NVDA260805C00215000,2026-08-05 13:37:28+00:00,215.0,5.0,4.85,5.0,4.16,495.238,12406.0,28609,0.335944140625,True,REGULAR,USD,NVDA,2026-08-05,CALL,219.8300018310547,0.9780284684036592,4.925,0.0304568527918782,69.92303388456583,8.48491143113033,100.0,10.0,65.94
GLD260805C00386000,2026-08-05 13:35:08+00:00,386.0,0.99,0.86,1.02,0.84000003,560.00006,337.0,206,0.2004474487304687,False,REGULAR,USD,GLD,2026-08-05,CALL,384.6293029785156,1.0035636832942,0.94,0.1702127659574468,94.29599917456038,32.58003092548423,66.81581624348958,0.0,65.83
MU260805C00915000,2026-08-05 13:36:24+00:00,915.0,9.38,7.7,8.05,-5.5999994,-37.383175,107.0,462,0.4484918432617187,False,REGULAR,USD,MU,2026-08-05,CALL,913.9500122070312,1.0011488459751023,7.875,0.0444444444444445,98.15158848272034,4.43583789203539,100.0,0.0,65.81
IWM260805C00305000,2026-08-05 13:37:02+00:00,305.0,0.19,0.19,0.2,-0.06999999,-26.923075,1678.0,1532,0.1601646484375,False,REGULAR,USD,IWM,2026-08-05,CALL,302.3699951171875,1.0086979691281643,0.195,0.0512820512820513,86.66779280836363,21.745345537835288,53.38821614583333,10.0,65.63
TSLA260805C00332500,2026-08-05 13:37:04+00:00,332.5,0.35,0.35,0.36,-1.93,-84.649124,1978.0,3251,0.3930724755859375,False,REGULAR,USD,TSLA,2026-08-05,CALL,324.2200012207031,1.0255382109312263,0.355,0.028169014084507,66.02719523660284,11.987871381462604,100.0,10.0,65.61
AAPL260805C00310000,2026-08-05 13:37:28+00:00,310.0,0.47,0.45,0.48,-1.3399999,-73.626366,5538.0,11626,0.19727365234375,False,REGULAR,USD,AAPL,2026-08-05,CALL,307.8800048828125,1.0068857836935348,0.4649999999999999,0.064516129032258,89.2765434456755,9.34079573414861,65.75788411458333,10.0,65.42
WMT260807C00112000,2026-08-05 13:37:21+00:00,112.0,1.27,1.27,1.35,0.21000004,18.584074,437.0,3715,0.3242255078124999,True,REGULAR,USD,WMT,2026-08-07,CALL,112.06999969482422,0.9993753931023928,1.31,0.0610687022900763,99.01304938242083,2.15173841504652,100.0,0.0,65.36
AMD260805C00510000,2026-08-05 13:37:55+00:00,510.0,2.1,2.03,2.22,-24.0,-91.954025,1778.0,1171,0.8315446533203124,False,REGULAR,USD,AMD,2026-08-05,CALL,490.0150146484375,1.0407844346686004,2.125,0.0894117647058825,51.59929864724745,30.223954727387376,96.05691833496095,10.0,65.23
UBER260807C00069000,2026-08-05 13:37:56+00:00,69.0,1.06,1.01,1.13,-3.3899999,-76.17978,329.0,659,0.523442265625,False,REGULAR,USD,UBER,2026-08-07,CALL,68.63999938964844,1.0052447641834603,1.0699999999999998,0.1121495327102802,91.7164017639405,9.799640837919982,100.0,0.0,65.12
IWM260805C00307000,2026-08-05 13:34:45+00:00,307.0,0.06,0.05,0.06,-0.030000005,-33.333336,1790.0,654,0.17774259765625,False,REGULAR,USD,IWM,2026-08-05,CALL,302.3699951171875,1.01531238204048,0.055,0.1818181818181817,77.84176609129103,54.646949681528326,59.247532552083335,0.0,65.08
SPY260805C00793000,2026-08-05 13:35:53+00:00,793.0,0.14,0.13,0.14,0.060000002,85.714294,2116.0,1962,0.2402419726562499,False,REGULAR,USD,SPY,2026-08-05,CALL,775.2100219726562,1.022948591379242,0.135,0.0740740740740741,68.83332520177152,21.408475416594364,80.08065755208331,10.0,65.05
GOOGL260805C00380000,2026-08-05 13:37:23+00:00,380.0,3.4,3.3,3.4,1.19,52.65487,419.0,3086,0.45898978515625,False,REGULAR,USD,GOOGL,2026-08-05,CALL,379.510009765625,1.0012911128080064,3.35,0.0298507462686567,97.91934544819028,2.515349733714994,100.0,0.0,65.05
QCOM260807C00162500,2026-08-05 13:37:21+00:00,162.5,2.51,2.5,2.6,-1.8700001,-42.694065,183.0,864,0.4794973925781249,False,REGULAR,USD,QCOM,2026-08-07,CALL,162.05999755859375,1.0027150589166656,2.55,0.0392156862745098,95.63027373003963,4.039099853324952,100.0,0.0,64.67
SNAP260807C00005500,2026-08-05 13:37:21+00:00,5.5,0.19,0.2,0.21,-0.15,-44.11765,611.0,18261,0.73437765625,True,REGULAR,USD,SNAP,2026-08-07,CALL,5.605000019073486,0.9812667227981844,0.205,0.0487804878048779,73.66285939495116,0.46483634404774793,100.0,10.0,64.63
SPY260805C00773000,2026-08-05 13:36:56+00:00,773.0,4.03,4.03,4.04,2.1600003,114.285736,4173.0,13908,0.1729819030761719,True,REGULAR,USD,SPY,2026-08-05,CALL,775.2100219726562,0.997149131319236,4.035,0.0024783147459726,95.4152629574684,5.807482108801387,57.660634358723975,10.0,64.61
XOM260807C00152500,2026-08-04 19:56:27+00:00,152.5,2.69,2.23,2.79,0.0,0.0,789.0,3539,0.5473678076171876,False,REGULAR,USD,XOM,2026-08-07,CALL,152.0399932861328,1.003025563892268,2.51,0.2231075697211156,95.13952322804907,4.262333740751762,100.0,0.0,64.55
PYPL260807C00060000,2026-08-05 13:38:08+00:00,60.0,0.34,0.34,0.35,0.06999999,25.92592,536.0,6628,0.372076591796875,False,REGULAR,USD,PYPL,2026-08-07,CALL,58.84000015258789,1.0197144773012223,0.345,0.0289855072463766,72.50831732315906,1.414982140715826,100.0,10.0,64.5
AVGO260805C00420000,2026-08-05 13:37:08+00:00,420.0,5.99,5.9,6.55,0.18999958,3.2758548,174.0,1988,0.6696810375976563,True,REGULAR,USD,AVGO,2026-08-05,CALL,420.6900024414063,0.9983598316161498,6.225,0.1044176706827308,97.35228524375754,1.5483782171858513,100.0,0.0,64.48
MU260805C00905000,2026-08-05 13:38:09+00:00,905.0,12.0,12.0,12.55,-7.0,-36.842106,360.0,463,0.3795228063964844,True,REGULAR,USD,MU,2026-08-05,CALL,913.9500122070312,0.9902073285327516,12.275,0.044806517311609,85.13362603662429,15.37702185265261,100.0,0.0,64.44
AAPL260805C00312500,2026-08-05 13:37:22+00:00,312.5,0.21,0.2,0.21,-0.77000004,-78.571434,5021.0,9774,0.2353592089843749,False,REGULAR,USD,AAPL,2026-08-05,CALL,307.8800048828125,1.0150058303362246,0.205,0.0487804878048779,78.22838157384385,10.089607505766091,78.4530696614583,10.0,64.44
MU260805C00910000,2026-08-05 13:37:46+00:00,910.0,10.0,9.15,9.5,-6.8999996,-40.8284,332.0,1034,0.3863586755371093,True,REGULAR,USD,MU,2026-08-05,CALL,913.9500122070312,0.9956780872539268,9.325,0.0375335120643431,93.12221316440996,6.229148435450802,100.0,0.0,64.43
SPY260805C00771000,2026-08-05 13:36:48+00:00,771.0,5.46,5.5,5.54,2.48,83.22147,1730.0,5262,0.1840901904296875,True,REGULAR,USD,SPY,2026-08-05,CALL,775.2100219726562,0.9945691853132352,5.52,0.0072463768115942,91.43596554951607,6.383247962760278,61.36339680989583,10.0,64.15
IWM260805C00306000,2026-08-05 13:36:33+00:00,306.0,0.09,0.09,0.1,-0.049999997,-35.714283,2300.0,919,0.165047412109375,False,REGULAR,USD,IWM,2026-08-05,CALL,302.3699951171875,1.0120051755843222,0.095,0.1052631578947369,82.12447523670201,49.95165587264088,55.015804036458334,0.0,64.09
SPY260805C00770000,2026-08-05 13:36:53+00:00,770.0,6.33,6.42,6.45,2.6899998,73.901085,1596.0,7100,0.1977619287109375,True,REGULAR,USD,SPY,2026-08-05,CALL,775.2100219726562,0.9932792123102352,6.4350000000000005,0.0046620046620047,89.51846566965827,4.2992975856165625,65.92064290364584,10.0,63.79
PYPL260807C00059000,2026-08-05 13:34:37+00:00,59.0,0.65,0.6,0.8,0.120000005,22.64151,146.0,1966,0.41211525390625,False,REGULAR,USD,PYPL,2026-08-07,CALL,58.84000015258789,1.0027192360128685,0.7,0.2857142857142858,95.62365217663704,1.282578740002989,100.0,0.0,63.7
AMZN260805C00285000,2026-08-05 13:37:20+00:00,285.0,0.34,0.34,0.37,-0.109999985,-23.91304,4459.0,6900,0.47852083984375,False,REGULAR,USD,AMZN,2026-08-05,CALL,276.3450012207031,1.0313195416637355,0.355,0.084507042253521,60.16184662445102,12.745500985149464,100.0,10.0,63.53
IWM260805C00302000,2026-08-05 13:36:50+00:00,302.0,1.03,1.02,1.05,-0.18000007,-14.876039,1260.0,2965,0.1350184155273437,True,REGULAR,USD,IWM,2026-08-05,CALL,302.3699951171875,0.9987763497596904,1.035,0.0289855072463768,98.02939311483662,8.310915767097073,45.00613850911457,10.0,63.37
MU260805C00920000,2026-08-05 13:38:02+00:00,920.0,7.55,7.3,7.65,-5.9799995,-44.362015,499.0,1405,0.5335740002441407,False,REGULAR,USD,MU,2026-08-05,CALL,913.9500122070312,1.0066196046962776,7.475,0.0468227424749164,89.66719367118364,6.912089943522955,100.0,0.0,63.29
SPY260805C00772000,2026-08-05 13:36:53+00:00,772.0,4.75,4.74,4.75,2.31,94.67213,2015.0,13268,0.1772543212890625,True,REGULAR,USD,SPY,2026-08-05,CALL,775.2100219726562,0.9958591583162356,4.745,0.0021074815595363,93.40096884951733,2.837905824258048,59.084773763020834,10.0,63.12
V260807C00372500,2026-08-04 19:32:05+00:00,372.5,2.41,2.3,3.2,0.0,0.0,86.0,170,0.3532779516601562,False,REGULAR,USD,V,2026-08-07,CALL,369.2000122070313,1.0089382114947447,2.75,0.3272727272727274,86.32846516962026,9.932735652121298,100.0,0.0,63.01
SLV260805C00055500,2026-08-05 13:34:44+00:00,55.5,0.67,0.63,0.69,0.6,857.143,529.0,939,0.304694453125,True,REGULAR,USD,SLV,2026-08-05,CALL,56.041900634765625,0.9903304379646708,0.6599999999999999,0.0909090909090908,85.30462881799716,11.084759384698751,100.0,0.0,63.0
AAPL260805C00307500,2026-08-05 13:37:19+00:00,307.5,1.13,1.08,1.16,-2.0700002,-64.6875,1427.0,7944,0.1501549829101562,True,REGULAR,USD,AAPL,2026-08-05,CALL,307.8800048828125,0.998765737050845,1.12,0.0714285714285712,98.01207151351285,3.39431351191583,50.05166097005207,10.0,62.91
SPY260805C00769000,2026-08-05 13:36:52+00:00,769.0,7.12,7.18,7.22,2.6999998,61.085964,953.0,4890,0.1984943432617187,True,REGULAR,USD,SPY,2026-08-05,CALL,775.2100219726562,0.9919892393072348,7.199999999999999,0.0055555555555555,87.64676720925874,3.7000431575932295,66.16478108723956,10.0,62.89
HD260807C00352500,2026-08-04 19:07:03+00:00,352.5,3.05,2.28,3.3,0.0,0.0,84.0,235,0.3507145007324218,False,REGULAR,USD,HD,2026-08-07,CALL,349.8099975585937,1.00768989582968,2.79,0.3655913978494624,88.10813947925097,6.95791735211617,100.0,0.0,62.68
COST260807C00950000,2026-08-05 13:34:25+00:00,950.0,7.5,7.0,8.4,-0.9499998,-11.242602,105.0,255,0.3549258843994139,False,REGULAR,USD,COST,2026-08-07,CALL,941.5999755859376,1.0089210117160796,7.7,0.1818181818181818,86.35270905707296,8.046510220752111,100.0,0.0,62.36
SLV260805C00054500,2026-08-05 13:37:12+00:00,54.5,1.49,1.43,1.55,1.26,572.7272,1394.0,2505,0.273444765625,True,REGULAR,USD,SLV,2026-08-05,CALL,56.041900634765625,0.9724866462896316,1.49,0.0805369127516779,63.96353497876499,10.946911252071548,91.14825520833332,10.0,62.2
QQQ260805C00745000,2026-08-05 13:36:54+00:00,745.0,0.16,0.16,0.17,-0.09,-36.0,1137.0,2549,0.2685620019531249,False,REGULAR,USD,QQQ,2026-08-05,CALL,726.969970703125,1.0248016149545165,0.165,0.0606060606060606,66.81352463082558,8.733772625375153,89.5206673177083,10.0,62.16
PLTR260807C00167500,2026-08-05 13:38:04+00:00,167.5,3.2,3.1,3.25,0.76,31.147541,2928.0,11077,0.8344743115234373,False,REGULAR,USD,PLTR,2026-08-07,CALL,163.31500244140625,1.0256253099594768,3.175,0.0472440944881889,65.93482511044736,5.0917798870029705,95.69071105957035,10.0,62.08
IWM260805C00298000,2026-08-04 20:09:24+00:00,298.0,4.18,3.88,4.01,0.0,0.0,3779.0,1291,1.0000000000000004e-05,True,REGULAR,USD,IWM,2026-08-05,CALL,302.3699951171875,0.985547523935059,3.945,0.0329531051964511,78.93150169219635,58.45847825142957,0.003333333333333335,10.0,62.03
TLT260805C00082000,2026-08-04 20:00:00+00:00,82.0,0.86,0.88,0.96,0.0,0.0,1227.0,993,0.23438265625,True,REGULAR,USD,TLT,2026-08-05,CALL,82.84500122070312,0.989800214759464,0.92,0.0869565217391304,84.57085336032482,24.558105953054895,78.12755208333333,0.0,61.96
GOOGL260805C00377500,2026-08-05 13:35:39+00:00,377.5,5.8,4.85,5.25,2.39,70.08798,75.0,3052,0.5014698291015626,True,REGULAR,USD,GOOGL,2026-08-05,CALL,379.510009765625,0.9947036712763748,5.05,0.0792079207920792,91.63857862762521,0.2867660589779442,100.0,0.0,61.76
TSLA260805C00335000,2026-08-05 13:37:12+00:00,335.0,0.21,0.2,0.21,-1.4599999,-87.42514,2787.0,5813,0.4160214648437499,False,REGULAR,USD,TSLA,2026-08-05,CALL,324.2200012207031,1.033249024547251,0.205,0.0487804878048779,58.3176006587206,9.402853297153833,100.0,10.0,61.62
NFLX260807C00076000,2026-08-05 13:37:53+00:00,76.0,0.59,0.59,0.6,0.17999998,43.902435,1497.0,13993,0.5019581054687501,False,REGULAR,USD,NFLX,2026-08-07,CALL,74.0199966430664,1.026749573719672,0.595,0.0168067226890756,64.75391764927451,1.9383170069519586,100.0,10.0,61.58
PLTR260807C00160000,2026-08-05 13:38:18+00:00,160.0,7.2,7.0,7.2,1.3499999,23.076921,2133.0,15099,0.9028330029296876,True,REGULAR,USD,PLTR,2026-08-07,CALL,163.31500244140625,0.9797017886180076,7.1,0.028169014084507,71.83039409513188,2.625439117085252,87.14587463378905,10.0,61.44
UNH260807C00412500,2026-08-05 13:36:56+00:00,412.5,2.57,2.48,2.89,-0.35000014,-11.986306,50.0,178,0.2932199584960936,False,REGULAR,USD,UNH,2026-08-07,CALL,409.1650085449219,1.0081507249775294,2.685,0.1527001862197393,87.44636981138923,5.423809129382033,97.73998616536454,0.0,61.31
AMD260805C00480000,2026-08-05 13:36:54+00:00,480.0,13.7,12.65,13.3,-31.64,-69.78385,449.0,431,0.6689486230468751,True,REGULAR,USD,AMD,2026-08-05,CALL,490.0150146484375,0.9795618208645652,12.975,0.0500963391136801,71.66881843111287,20.672404349522658,100.0,0.0,60.9
QQQ260805C00722000,2026-08-05 13:37:09+00:00,722.0,5.43,5.44,5.47,-0.4300003,-7.337889,1550.0,3104,0.1401453173828125,True,REGULAR,USD,QQQ,2026-08-05,CALL,726.969970703125,0.9931634442914912,5.455,0.0054995417048578,89.34864482020119,9.80193345363476,46.71510579427083,10.0,60.85
QQQ260805C00723000,2026-08-05 13:37:10+00:00,723.0,4.8,4.72,4.76,-0.42999983,-8.221794,777.0,2719,0.1477136010742187,True,REGULAR,USD,QQQ,2026-08-05,CALL,726.969970703125,0.994539016929014,4.74,0.0084388185654008,91.3905856028298,5.521368414873536,49.237867024739565,10.0,60.8
TLT260805C00082500,2026-08-05 13:35:40+00:00,82.5,0.43,0.43,0.47,-0.06999999,-13.207546,526.0,4638,0.1523522265625,True,REGULAR,USD,TLT,2026-08-05,CALL,82.84500122070312,0.9958355819226312,0.4499999999999999,0.0888888888888888,93.3646185321831,2.067159335735836,50.78407552083334,10.0,60.77
ORCL260807C00139000,2026-08-04 19:50:21+00:00,139.0,8.05,5.7,6.35,0.0,0.0,1387.0,861,0.6650424121093752,True,REGULAR,USD,ORCL,2026-08-07,CALL,143.3800048828125,0.9694517733738928,6.025,0.1078838174273858,60.914340157676236,32.07890625108892,100.0,0.0,60.59
MSFT260805C00485000,2026-08-05 13:36:34+00:00,485.0,9.0,8.15,8.8,-0.39999962,-4.2553153,55.0,815,0.6232947827148438,True,REGULAR,USD,MSFT,2026-08-05,CALL,488.8949890136719,0.992033076425001,8.475000000000001,0.0766961651917404,87.70963895931393,1.1467438805442696,100.0,0.0,60.49
QQQ260805C00780000,2026-08-05 13:36:48+00:00,780.0,0.02,0.02,0.03,-0.030000001,-60.0,921.0,272,0.507817421875,False,REGULAR,USD,QQQ,2026-08-05,CALL,726.969970703125,1.072946657267816,0.025,0.3999999999999999,29.5065094639349,67.65418107925495,100.0,0.0,60.48
GLD260805C00385000,2026-08-05 13:34:13+00:00,385.0,1.36,1.37,1.55,1.3000001,2166.6687,92.0,201,0.2150957397460937,False,REGULAR,USD,GLD,2026-08-05,CALL,384.6293029785156,1.0009637773789302,1.46,0.1232876712328766,98.45468260640656,8.967335446886946,71.69857991536458,0.0,60.45
WMT260807C00113000,2026-08-05 13:37:37+00:00,113.0,0.9,0.89,0.9,0.20999998,30.43478,229.0,3055,0.3227606787109374,False,REGULAR,USD,WMT,2026-08-07,CALL,112.06999969482422,1.0082983876836642,0.895,0.0111731843575419,87.2355115089895,1.2965398350095105,100.0,0.0,60.35
MU260805C00950000,2026-08-05 13:37:57+00:00,950.0,2.1,2.02,2.18,-3.9700003,-65.403625,1512.0,2496,0.6577182666015625,False,REGULAR,USD,MU,2026-08-05,CALL,913.9500122070312,1.0394441570233302,2.1,0.0761904761904762,52.74115407353236,11.934583075076818,100.0,10.0,60.27
NVDA260805C00232500,2026-08-05 13:36:34+00:00,232.5,0.06,0.04,0.06,0.049999997,500.00006,2252.0,799,0.5312546875,False,REGULAR,USD,NVDA,2026-08-05,CALL,219.8300018310547,1.0576354367620966,0.05,0.3999999999999999,38.89974241383635,56.2807057596211,100.0,0.0,60.26
COST260807C00955000,2026-08-04 19:59:35+00:00,955.0,6.88,5.3,7.3,0.0,0.0,84.0,180,0.376410044555664,False,REGULAR,USD,COST,2026-08-07,CALL,941.5999755859376,1.014231122304059,6.3,0.3174603174603174,79.21467256369247,9.146808389050804,100.0,0.0,59.89
QQQ260805C00747000,2026-08-05 13:36:51+00:00,747.0,0.12,0.13,0.14,-0.1,-45.454544,448.0,298,0.282233740234375,False,REGULAR,USD,QQQ,2026-08-05,CALL,726.969970703125,1.0275527602295622,0.135,0.0740740740740741,63.92301270052815,29.92324393608686,94.07791341145833,0.0,59.56
WMT260807C00111000,2026-08-05 13:37:33+00:00,111.0,1.88,1.88,1.97,0.32000005,20.779224,122.0,2148,0.3393620751953125,True,REGULAR,USD,WMT,2026-08-07,CALL,112.06999969482422,0.9904523985211214,1.925,0.0467532467532468,85.47441475799288,0.9325512934338467,100.0,0.0,59.52
MU260805C00925000,2026-08-05 13:37:44+00:00,925.0,5.61,5.35,5.65,-6.0899997,-52.051277,289.0,1157,0.5247850256347657,False,REGULAR,USD,MU,2026-08-05,CALL,913.9500122070312,1.0120903634174532,5.5,0.0545454545454546,82.01098917849225,4.80022984891642,100.0,0.0,59.48
META260805C00607500,2026-08-05 13:37:08+00:00,607.5,1.1,1.1,1.18,0.26000005,30.232567,432.0,952,0.3444889770507812,False,REGULAR,USD,META,2026-08-05,CALL,598.1799926757812,1.0155806069048356,1.14,0.070175438596491,77.50516972076778,8.888575145470497,100.0,0.0,59.11
AMD260805C00520000,2026-08-05 13:37:51+00:00,520.0,1.02,1.0,1.1,-19.85,-95.021545,3088.0,1847,0.8715833154296875,False,REGULAR,USD,AMD,2026-08-05,CALL,490.0150146484375,1.0611919726032788,1.05,0.0952380952380953,36.558743383631914,33.30107222771768,91.05208557128907,10.0,59.04
AMD260805C00475000,2026-08-05 13:36:36+00:00,475.0,16.75,15.1,16.05,-34.25,-67.15686,1024.0,774,0.5481002221679689,True,REGULAR,USD,AMD,2026-08-05,CALL,490.0150146484375,0.969358051897226,15.575,0.0609951845906902,60.82243141887474,26.308657283184733,100.0,0.0,58.54
AMZN260805C00275000,2026-08-05 13:34:58+00:00,275.0,7.55,5.55,6.35,3.5,86.41975,156.0,7509,0.91211025390625,True,REGULAR,USD,AMZN,2026-08-05,CALL,276.3450012207031,0.9951328910790432,5.949999999999999,0.134453781512605,92.288706124455,0.21063015141302407,85.98621826171875,0.0,58.49
MSFT260805C00495000,2026-08-05 13:36:53+00:00,495.0,2.17,2.0,2.18,-1.1299999,-34.24242,469.0,3622,0.4480035668945312,False,REGULAR,USD,MSFT,2026-08-05,CALL,488.8949890136719,1.012487366660568,2.09,0.0861244019138756,81.48437404449115,2.389331137609536,100.0,0.0,58.43
AVGO260805C00427500,2026-08-05 13:37:02+00:00,427.5,1.89,1.8,2.01,-1.2099999,-38.78205,99.0,250,0.5105029418945313,False,REGULAR,USD,AVGO,2026-08-05,CALL,420.6900024414063,1.0161876857521526,1.905,0.1102362204724408,76.74908347562064,7.730567460997772,100.0,0.0,58.41
ORCL260807C00145000,2026-08-05 13:37:29+00:00,145.0,2.9,2.85,3.0,-1.4000001,-32.71028,164.0,5708,0.7055693505859376,False,REGULAR,USD,ORCL,2026-08-07,CALL,143.3800048828125,1.0112986125123342,2.925,0.0512820512820512,83.07244481982968,0.37008822167954103,100.0,0.0,58.36
GLD260805C00384000,2026-08-05 13:36:13+00:00,384.0,1.95,1.59,1.85,1.87,2337.4988,240.0,458,0.1887288159179687,True,REGULAR,USD,GLD,2026-08-05,CALL,384.6293029785156,0.9983638714636602,1.7200000000000002,0.1511627906976744,97.35882592209005,10.296184111331627,62.90960530598957,0.0,58.27
SPY260805C00805000,2026-08-05 13:36:28+00:00,805.0,0.06,0.06,0.07,0.009999998,19.999994,3173.0,1876,0.3300848242187499,False,REGULAR,USD,SPY,2026-08-05,CALL,775.2100219726562,1.0384282674152456,0.065,0.1538461538461539,53.62137709276404,33.69115761838843,100.0,0.0,58.24
INTC260805C00105000,2026-08-05 13:37:55+00:00,105.0,0.17,0.18,0.19,-0.96,-84.95575,1386.0,7041,0.5830119824218749,False,REGULAR,USD,INTC,2026-08-05,CALL,101.23999786376952,1.0371394924493182,0.185,0.0540540540540541,54.75680895969162,3.7393140463830266,100.0,10.0,58.21
TSLA260805C00337500,2026-08-05 13:37:12+00:00,337.5,0.13,0.12,0.13,-1.1,-89.43089,1165.0,3389,0.44336494140625,False,REGULAR,USD,TSLA,2026-08-05,CALL,324.2200012207031,1.0409598381632752,0.125,0.08,51.45146968890993,6.683602423447509,100.0,10.0,57.92
IWM260805C00308000,2026-08-05 13:35:58+00:00,308.0,0.04,0.03,0.04,-0.02,-33.333336,198.0,112,0.1914143359375,False,REGULAR,USD,IWM,2026-08-05,CALL,302.3699951171875,1.018619588496638,0.035,0.2857142857142857,73.79786747481589,35.22415566603806,63.80477864583334,0.0,57.8
GLD260805C00379000,2026-08-05 13:34:36+00:00,379.0,6.58,6.1,6.65,6.27,2022.581,129.0,655,0.3815979809570312,True,REGULAR,USD,GLD,2026-08-05,CALL,384.6293029785156,0.9853643418873104,6.375,0.0862745098039216,78.69798964197973,3.7413086636575525,100.0,0.0,57.79
AVGO260805C00437500,2026-08-05 13:37:12+00:00,437.5,0.47,0.52,0.6,-0.63,-57.272724,302.0,182,0.56836369140625,False,REGULAR,USD,AVGO,2026-08-05,CALL,420.6900024414063,1.0399581579334891,0.56,0.1428571428571427,52.30066346093993,33.04936106239038,100.0,0.0,57.49
META260805C00610000,2026-08-05 13:37:34+00:00,610.0,0.79,0.74,0.83,0.09000003,12.857148,1582.0,3138,0.3530338134765625,False,REGULAR,USD,META,2026-08-05,CALL,598.1799926757812,1.0197599509661723,0.7849999999999999,0.1146496815286624,72.45526883846897,9.897872339495608,100.0,0.0,57.45
AVGO260805C00415000,2026-08-05 13:37:06+00:00,415.0,9.2,8.85,9.5,1.1999998,14.999998,75.0,1128,0.676761044921875,True,REGULAR,USD,AVGO,2026-08-05,CALL,420.6900024414063,0.9864745955254812,9.175,0.0708446866485014,80.12484755163733,1.126796911191278,100.0,0.0,57.44
AVGO260805C00430000,2026-08-05 13:37:11+00:00,430.0,1.58,1.51,1.7,-0.85,-34.979424,820.0,1302,0.5544478149414063,False,REGULAR,USD,AVGO,2026-08-05,CALL,420.6900024414063,1.0221303037974867,1.605,0.1183800623052959,69.7447697974347,12.416193367731612,100.0,0.0,57.24
AMD260805C00482500,2026-08-05 13:37:11+00:00,482.5,11.6,10.85,11.65,-36.0,-75.63026,181.0,1169,0.6694368994140626,True,REGULAR,USD,AMD,2026-08-05,CALL,490.0150146484375,0.9846637053482348,11.25,0.0711111111111111,77.8116945024906,2.897308417623864,100.0,0.0,57.14
NFLX260807C00073000,2026-08-05 13:36:56+00:00,73.0,2.14,2.01,2.09,0.6200001,40.789482,294.0,12277,0.5585981640625001,True,REGULAR,USD,NFLX,2026-08-07,CALL,74.0199966430664,0.9862199852833694,2.05,0.0390243902439024,79.79517094229514,0.2742036393166311,100.0,0.0,57.01
XOM260807C00149000,2026-08-04 19:14:40+00:00,149.0,5.91,4.65,6.5,0.0,0.0,146.0,324,0.7104521142578125,True,REGULAR,USD,XOM,2026-08-07,CALL,152.0399932861328,0.9800053050488388,5.575,0.3318385650224214,72.18206164761266,8.825160379534916,100.0,0.0,56.96
SPY260805C00765000,2026-08-05 13:34:39+00:00,765.0,11.27,11.35,11.51,3.5700006,46.363644,96.0,9352,0.2961496166992187,True,REGULAR,USD,SPY,2026-08-05,CALL,775.2100219726562,0.9868293472952336,11.43,0.0139982502187226,80.586663578589,0.0,98.71653889973958,0.0,56.91
MSFT260805C00510000,2026-08-05 13:37:11+00:00,510.0,0.11,0.1,0.11,-0.19000001,-65.51724,2966.0,10080,0.4169980175781249,False,REGULAR,USD,MSFT,2026-08-05,CALL,488.8949890136719,1.0431688020139187,0.105,0.0952380952380951,49.62077410503029,5.691301407699488,100.0,10.0,56.84
QQQ260805C00746000,2026-08-05 13:36:08+00:00,746.0,0.19,0.18,0.2,-0.049999997,-20.833332,469.0,495,0.2890696093749999,False,REGULAR,USD,QQQ,2026-08-05,CALL,726.969970703125,1.0261771875920394,0.19,0.1052631578947369,65.35251261184641,18.782752953848444,96.35653645833331,0.0,56.8
GLD260805C00378000,2026-08-05 13:35:26+00:00,378.0,7.24,6.7,7.5,6.7599998,1408.3333,181.0,831,0.3930724755859375,True,REGULAR,USD,GLD,2026-08-05,CALL,384.6293029785156,0.9827644359720406,7.1,0.1126760563380281,75.46242683220224,4.159433143472046,100.0,0.0,56.64
MSFT260805C00497500,2026-08-05 13:36:58+00:00,497.5,1.34,1.2,1.36,-0.93999994,-41.228065,730.0,3048,0.4255428540039063,False,REGULAR,USD,MSFT,2026-08-05,CALL,488.8949890136719,1.0176009392194598,1.28,0.1250000000000001,75.01918555554793,4.59415453661469,100.0,0.0,56.62
MU260805C00930000,2026-08-05 13:37:20+00:00,930.0,4.19,4.6,4.8,-6.1600003,-59.51691,352.0,1574,0.5660443786621094,False,REGULAR,USD,MU,2026-08-05,CALL,913.9500122070312,1.0175611221386285,4.699999999999999,0.0425531914893617,75.06735439826274,4.2761564955644955,100.0,0.0,56.52
PLTR260807C00170000,2026-08-05 13:38:23+00:00,170.0,2.46,2.4,2.46,0.74,43.023254,6253.0,20349,0.8447281152343749,False,REGULAR,USD,PLTR,2026-08-07,CALL,163.31500244140625,1.0409331504066333,2.43,0.0246913580246913,51.47393822744336,5.95267392841142,94.40898559570314,10.0,56.28
NFLX260807C00077000,2026-08-05 13:37:28+00:00,77.0,0.37,0.36,0.38,0.13000001,54.16667,725.0,15694,0.5039112109375,False,REGULAR,USD,NFLX,2026-08-07,CALL,74.0199966430664,1.0402594365317732,0.37,0.0540540540540541,52.04397326415264,0.7200946719065736,100.0,10.0,56.07
WMT260807C00108000,2026-08-04 19:41:56+00:00,108.0,3.79,3.6,4.95,0.0,0.0,440.0,354,0.5986368261718751,True,REGULAR,USD,WMT,2026-08-07,CALL,112.06999969482422,0.9636834147773072,4.275,0.3157894736842105,55.49303461731817,24.704171957525904,100.0,0.0,55.84
DIA260807C00545000,2026-08-05 13:36:53+00:00,545.0,3.15,3.1,3.25,1.71,118.74999,159.0,583,0.1704184521484375,False,REGULAR,USD,DIA,2026-08-07,CALL,544.780029296875,1.000403778940665,3.175,0.0472440944881889,99.3786198526766,5.260040833502174,56.806150716145844,0.0,55.79
SOFI260807C00019500,2026-08-05 13:34:45+00:00,19.5,0.1,0.1,0.11,-0.019999996,-16.666662,584.0,19912,0.523442265625,False,REGULAR,USD,SOFI,2026-08-07,CALL,18.73539924621582,1.0408104862744578,0.105,0.0952380952380951,51.57731923028032,0.38206166450055534,100.0,10.0,55.76
ORCL260807C00146000,2026-08-05 13:36:39+00:00,146.0,2.25,2.49,2.62,-1.7,-43.037975,152.0,1087,0.710940390625,False,REGULAR,USD,ORCL,2026-08-07,CALL,143.3800048828125,1.0182730857020743,2.555,0.0508806262230919,74.21094894066941,2.5967156067743233,100.0,0.0,55.59
QQQ260805C00750000,2026-08-05 13:37:20+00:00,750.0,0.1,0.09,0.1,-0.07,-41.17647,2906.0,2999,0.2988351367187499,False,REGULAR,USD,QQQ,2026-08-05,CALL,726.969970703125,1.0316794781421306,0.095,0.1052631578947369,59.81370999782807,19.213936504464858,99.61171223958331,0.0,55.55
WMT260807C00114000,2026-08-05 13:36:26+00:00,114.0,0.57,0.53,0.6,0.13,29.545454,167.0,2856,0.3305731005859375,False,REGULAR,USD,WMT,2026-08-07,CALL,112.06999969482422,1.0172213822649356,0.565,0.1238938053097344,75.47968661464458,0.9661476454116706,100.0,0.0,55.53
QCOM260807C00165000,2026-08-05 13:37:54+00:00,165.0,1.79,1.7,1.94,-1.6100001,-47.352943,217.0,1803,0.5188036401367188,False,REGULAR,USD,QCOM,2026-08-07,CALL,162.05999755859375,1.0181414444384604,1.82,0.1318681318681318,74.36851952553172,2.2063252675527263,100.0,0.0,55.52
AMD260805C00505000,2026-08-05 13:37:43+00:00,505.0,3.0,2.82,3.2,-25.45,-89.455185,684.0,722,0.8142108422851562,False,REGULAR,USD,AMD,2026-08-05,CALL,490.0150146484375,1.0305806657012613,3.01,0.1262458471760798,60.88251358175124,18.78062205058334,98.22364471435549,0.0,55.48
UBER260807C00070000,2026-08-05 13:37:20+00:00,70.0,0.73,0.7,0.82,-3.02,-80.53333,713.0,3745,0.5312546875,False,REGULAR,USD,UBER,2026-08-07,CALL,68.63999938964844,1.0198135288817711,0.76,0.1578947368421052,72.39281780163151,3.609851137020914,100.0,0.0,55.22
AAPL260805C00297500,2026-08-04 19:44:17+00:00,297.5,12.76,8.95,11.45,0.0,0.0,350.0,346,0.7094755615234375,True,REGULAR,USD,AAPL,2026-08-05,CALL,307.8800048828125,0.966285550480086,10.2,0.2450980392156863,57.880704112757165,20.067108706789856,100.0,0.0,55.18
HD260807C00342500,2026-08-04 19:55:21+00:00,342.5,8.45,7.25,10.05,0.0,0.0,77.0,305,0.442388388671875,True,REGULAR,USD,HD,2026-08-07,CALL,349.8099975585937,0.9791029484302566,8.65,0.323699421965318,71.14173011738583,4.853841765196887,100.0,0.0,55.16
SPY260805C00767000,2026-08-05 13:34:30+00:00,767.0,9.25,9.31,9.45,3.1599998,51.88834,152.0,8530,0.2547681945800781,True,REGULAR,USD,SPY,2026-08-05,CALL,775.2100219726562,0.9894092933012342,9.38,0.0149253731343282,84.0343636000542,0.15139635847220076,84.9227315266927,0.0,54.9
WMT260807C00110000,2026-08-05 13:35:27+00:00,110.0,2.5,2.56,2.67,0.30999994,14.155248,86.0,2038,0.3481510498046875,True,REGULAR,USD,WMT,2026-08-07,CALL,112.06999969482422,0.98152940393985,2.615,0.0420650095602293,73.97519189325993,0.6399748848679478,100.0,0.0,54.81
QQQ260805C00719000,2026-08-05 13:35:13+00:00,719.0,8.9,9.04,9.04,0.8699999,10.83437,125.0,1766,0.2514723291015625,True,REGULAR,USD,QQQ,2026-08-05,CALL,726.969970703125,0.9890367263789226,9.04,0.0,83.52658112431233,1.2128148141388697,83.82410970052084,0.0,54.79
GLD260805C00377000,2026-08-05 13:37:02+00:00,377.0,7.85,7.8,8.25,7.09,932.895,99.0,898,0.3796448754882812,True,REGULAR,USD,GLD,2026-08-05,CALL,384.6293029785156,0.9801645300567706,8.025,0.0560747663551402,72.36725916406928,2.0037097888253492,100.0,0.0,54.65
META260805C00612500,2026-08-05 13:36:57+00:00,612.5,0.57,0.55,0.68,0.060000002,11.764706,307.0,826,0.3784241845703124,False,REGULAR,USD,META,2026-08-05,CALL,598.1799926757812,1.023939295027509,0.615,0.2113821138211382,67.74594231974208,7.242980470554734,100.0,0.0,54.63
MRK260807C00125000,2026-08-04 17:23:55+00:00,125.0,4.07,3.95,6.15,0.0,0.0,58.0,102,0.639652041015625,True,REGULAR,USD,MRK,2026-08-07,CALL,128.55999755859375,0.9723086681222812,5.050000000000001,0.4356435643564356,63.78071613666911,11.190219273034089,100.0,0.0,54.43
MU260805C00940000,2026-08-05 13:37:33+00:00,940.0,3.14,3.05,3.3,-5.049999,-62.732918,469.0,761,0.6170692590332032,False,REGULAR,USD,MU,2026-08-05,CALL,913.9500122070312,1.028502639580979,3.175,0.0787401574803149,62.953758156319125,12.145518508697965,100.0,0.0,54.43
QQQ260805C00748000,2026-08-05 13:36:05+00:00,748.0,0.15,0.14,0.16,-0.059999987,-28.571423,427.0,685,0.3002999658203125,False,REGULAR,USD,QQQ,2026-08-05,CALL,726.969970703125,1.0289283328670848,0.15,0.1333333333333332,62.524016262257845,12.287075424122254,100.0,0.0,54.31
AMD260805C00512500,2026-08-05 13:37:54+00:00,512.5,1.78,1.88,1.95,-22.4,-92.63854,526.0,1577,0.8620619262695313,False,REGULAR,USD,AMD,2026-08-05,CALL,490.0150146484375,1.04588631915227,1.915,0.0365535248041775,47.44466511807406,6.478891827608015,92.2422592163086,10.0,54.31
QQQ260805C00744000,2026-08-05 13:36:38+00:00,744.0,0.19,0.19,0.2,-0.08000001,-29.629631,533.0,751,0.264655791015625,False,REGULAR,USD,QQQ,2026-08-05,CALL,726.969970703125,1.0234260423169936,0.195,0.0512820512820513,68.30710235666324,14.01788300780969,88.21859700520834,0.0,54.28
AMD260805C00477500,2026-08-05 13:36:33+00:00,477.5,15.6,13.95,14.55,-37.4,-70.56604,70.0,170,0.5905802661132813,True,REGULAR,USD,AMD,2026-08-05,CALL,490.0150146484375,0.9744599363808956,14.25,0.0421052631578948,66.02522909275366,8.046510220752111,100.0,0.0,54.23
JPM260807C00365000,2026-08-05 13:34:32+00:00,365.0,1.35,1.21,1.55,0.55,68.75,88.0,1583,0.2565992309570312,False,REGULAR,USD,JPM,2026-08-07,CALL,360.385009765625,1.0128057219621214,1.38,0.2463768115942029,81.06476144922054,0.9083742606788072,85.53307698567707,0.0,54.13
ORCL260807C00150000,2026-08-05 13:37:38+00:00,150.0,1.21,1.2,1.28,-1.0999999,-47.619045,548.0,13028,0.6840851904296876,False,REGULAR,USD,ORCL,2026-08-07,CALL,143.3800048828125,1.0461709784610356,1.24,0.0645161290322581,47.221399947611374,0.6372696273902612,100.0,10.0,54.11
JPM260807C00352500,2026-08-04 18:13:39+00:00,352.5,8.01,7.6,10.65,0.0,0.0,196.0,1282,0.4565484033203125,True,REGULAR,USD,JPM,2026-08-07,CALL,360.385009765625,0.9781205944976652,9.125,0.3342465753424658,70.02668289551279,2.858286798470053,100.0,0.0,54.01
MU260805C00935000,2026-08-05 13:38:01+00:00,935.0,4.46,3.8,4.05,-4.84,-52.04301,156.0,707,0.596683720703125,False,REGULAR,USD,MU,2026-08-05,CALL,913.9500122070312,1.023031880859804,3.925,0.0636942675159235,68.7412335545042,4.216365404755802,100.0,0.0,53.97
DIA260807C00528000,2026-08-04 20:00:43+00:00,528.0,13.24,17.3,17.7,0.0,0.0,216.0,320,0.3015206567382812,True,REGULAR,USD,DIA,2026-08-07,CALL,544.780029296875,0.9691985234507728,17.5,0.0228571428571427,60.66629142786434,13.322046974112808,100.0,0.0,53.93
GLD260805C00388000,2026-08-05 13:36:39+00:00,388.0,0.32,0.28,0.39,0.26999998,539.9998,94.0,201,0.1877522631835937,False,REGULAR,USD,GLD,2026-08-05,CALL,384.6293029785156,1.00876349512474,0.335,0.3283582089552238,86.57509267517268,9.16674982706901,62.58408772786457,0.0,53.48
META260805C00615000,2026-08-05 13:37:01+00:00,615.0,0.48,0.42,0.5,0.06999999,17.073168,999.0,2209,0.39063109375,False,REGULAR,USD,META,2026-08-05,CALL,598.1799926757812,1.028118639088846,0.4599999999999999,0.1739130434782609,63.34386064780559,8.857698160906356,100.0,0.0,53.44
GLD260805C00375000,2026-08-05 13:37:08+00:00,375.0,9.92,9.7,10.2,8.57,634.81464,273.0,1017,0.4333552758789062,True,REGULAR,USD,GLD,2026-08-05,CALL,384.6293029785156,0.9749647182262308,9.95,0.050251256281407,66.56307778123026,5.174050400857294,100.0,0.0,53.44
GLD260805C00376000,2026-08-05 13:34:10+00:00,376.0,9.3,8.8,9.7,8.31,839.39417,66.0,656,0.5017139672851563,True,REGULAR,USD,GLD,2026-08-05,CALL,384.6293029785156,0.9775646241415008,9.25,0.0972972972972971,69.4035427970446,1.8106086898345413,100.0,0.0,53.4
GLD260805C00390000,2026-08-05 13:34:05+00:00,390.0,0.17,0.15,0.19,0.15,750.0002,164.0,253,0.2041095214843749,False,REGULAR,USD,GLD,2026-08-05,CALL,384.6293029785156,1.01396330695528,0.1699999999999999,0.2352941176470589,79.55875086472905,12.785372038198908,68.0365071614583,0.0,53.31
NVDA260805C00230000,2026-08-05 13:37:10+00:00,230.0,0.09,0.09,0.1,0.07000001,350.00012,5493.0,4129,0.500005,False,REGULAR,USD,NVDA,2026-08-05,CALL,219.8300018310547,1.0462630127108912,0.095,0.1052631578947369,47.14940117108271,26.455937952016107,100.0,0.0,53.12
BAC260807C00063000,2026-08-05 13:34:52+00:00,63.0,0.45,0.49,0.59,-0.050000012,-10.000002,261.0,13985,0.190437783203125,True,REGULAR,USD,BAC,2026-08-07,CALL,63.27999877929688,0.9955752404440869,0.54,0.1851851851851851,92.96431280869567,0.16829890662529914,63.479261067708336,0.0,53.11
AAPL260805C00315000,2026-08-05 13:37:23+00:00,315.0,0.09,0.08,0.09,-0.45000002,-81.81818,5620.0,11008,0.26563234375,False,REGULAR,USD,AAPL,2026-08-05,CALL,307.8800048828125,1.0231258769789144,0.0849999999999999,0.1176470588235293,68.63745341951294,10.026035956207464,88.54411458333334,0.0,53.1
AVGO260805C00432500,2026-08-05 13:37:15+00:00,432.5,1.08,1.13,1.3,-0.80999994,-42.85714,1044.0,2662,0.5705609350585938,False,REGULAR,USD,AVGO,2026-08-05,CALL,420.6900024414063,1.0280729218428208,1.215,0.1399176954732511,63.39046019911589,7.65413706800204,100.0,0.0,53.04
SPY260805C00766000,2026-08-05 13:36:57+00:00,766.0,9.91,9.87,10.1,2.9699998,42.795383,157.0,7581,0.2404861108398437,True,REGULAR,USD,SPY,2026-08-05,CALL,775.2100219726562,0.9881193202982338,9.985,0.0230345518277416,82.29063777178982,0.20931944033525302,80.16203694661456,0.0,53.03
GOOGL260805C00390000,2026-08-05 13:37:05+00:00,390.0,0.32,0.27,0.33,-0.01000002,-3.030309,1150.0,3577,0.389654541015625,False,REGULAR,USD,GOOGL,2026-08-05,CALL,379.510009765625,1.0276408789345328,0.3,0.1999999999999999,63.83248952775246,6.2374713276878335,100.0,0.0,52.72
CRM260807C00187500,2026-08-04 19:57:23+00:00,187.5,5.75,7.7,8.35,0.0,0.0,338.0,787,0.6669955175781253,True,REGULAR,USD,CRM,2026-08-07,CALL,193.2449951171875,0.9702709241514708,8.025,0.0809968847352024,61.72329979896703,8.401525648987894,100.0,0.0,52.63
DIA260807C00538000,2026-08-04 19:53:50+00:00,538.0,4.79,7.6,7.95,0.0,0.0,482.0,775,0.1831136376953124,True,REGULAR,USD,DIA,2026-08-07,CALL,544.780029296875,0.987554556091886,7.775,0.045016077170418,81.53980795085708,12.258573300962821,61.037879231770795,0.0,52.17
LLY260807C01190000,2026-08-05 13:36:58+00:00,1190.0,36.0,33.4,39.8,20.6,133.76624,51.0,141,1.0332689938354496,False,REGULAR,USD,LLY,2026-08-07,CALL,1173.9649658203125,1.0136588694267237,36.6,0.174863387978142,79.95184912469858,7.04319882108765,70.84137577056882,0.0,52.16
JPM260807C00350000,2026-08-04 19:58:58+00:00,350.0,9.09,10.15,12.85,0.0,0.0,216.0,719,0.4945118908691406,True,REGULAR,USD,JPM,2026-08-07,CALL,360.385009765625,0.971183569004774,11.5,0.2347826086956521,62.636707209784504,5.81497961218686,100.0,0.0,52.09
INTC260805C00104000,2026-08-05 13:38:01+00:00,104.0,0.26,0.27,0.3,-1.14,-81.42857,1227.0,5863,0.5468795312500001,False,REGULAR,USD,INTC,2026-08-05,CALL,101.23999786376952,1.0272619734736106,0.285,0.1052631578947367,64.22262346741414,3.9884552941048153,100.0,0.0,52.09
META260805C00592500,2026-08-05 13:36:59+00:00,592.5,6.15,5.6,6.3,2.2,55.6962,131.0,840,0.2009357250976562,True,REGULAR,USD,META,2026-08-05,CALL,598.1799926757812,0.9905045425368147,5.949999999999999,0.1176470588235294,85.54712185532864,2.9197382707583293,66.97857503255207,0.0,51.99
QQQ260805C00749000,2026-08-05 13:35:40+00:00,749.0,0.13,0.13,0.14,-0.050000012,-27.777782,349.0,956,0.304694453125,False,REGULAR,USD,QQQ,2026-08-05,CALL,726.969970703125,1.0303039055046077,0.135,0.0740740740740741,61.154557253629584,7.110549772001318,100.0,0.0,51.95
QQQ260805C00699000,2026-08-04 19:45:36+00:00,699.0,26.6,26.19,29.26,0.0,0.0,524.0,664,0.622074091796875,True,REGULAR,USD,QQQ,2026-08-05,CALL,726.969970703125,0.9615252736284656,27.725,0.1107303877366997,53.5808406664504,15.609876502409433,100.0,0.0,51.9
WMT260807C00107000,2026-08-04 19:57:57+00:00,107.0,4.7,4.55,5.95,0.0,0.0,247.0,230,0.6787141503906251,True,REGULAR,USD,WMT,2026-08-07,CALL,112.06999969482422,0.954760420196036,5.25,0.2666666666666667,47.95517134370637,21.316721203944574,100.0,0.0,51.64
WMT260807C00115000,2026-08-05 13:34:20+00:00,115.0,0.23,0.28,0.33,-0.029999986,-11.538457,275.0,3639,0.317389638671875,False,REGULAR,USD,WMT,2026-08-07,CALL,112.06999969482422,1.0261443768462069,0.305,0.1639344262295081,65.38699034248974,1.308787542541001,100.0,0.0,51.61
UNH260807C00420000,2026-08-05 13:35:58+00:00,420.0,0.88,0.83,0.99,-0.19000006,-17.431198,68.0,786,0.2978585839843749,False,REGULAR,USD,UNH,2026-08-07,CALL,409.1650085449219,1.026480738158939,0.91,0.1758241758241758,65.0343881080652,1.528113493072014,99.28619466145831,0.0,51.37
AMD260805C00517500,2026-08-05 13:37:26+00:00,517.5,1.44,1.41,1.55,-20.56,-93.454544,585.0,300,0.90429783203125,False,REGULAR,USD,AMD,2026-08-05,CALL,490.0150146484375,1.0560900881196094,1.48,0.0945945945945946,39.950176009813944,38.87450711469227,86.96277099609375,0.0,51.33
AAPL260805C00317500,2026-08-05 13:36:57+00:00,317.5,0.05,0.04,0.05,-0.23,-85.18518,1527.0,4810,0.304694453125,False,REGULAR,USD,AAPL,2026-08-05,CALL,307.8800048828125,1.0312459236216045,0.045,0.2222222222222222,60.23328645076177,6.15660841445172,100.0,0.0,51.25
QQQ260805C00713000,2026-08-05 13:34:05+00:00,713.0,14.11,14.02,14.32,1.4099998,11.102361,55.0,3199,0.2619702709960937,True,REGULAR,USD,QQQ,2026-08-05,CALL,726.969970703125,0.9807832905537855,14.17,0.0211714890613973,73.09164737595327,0.1388388182982135,87.32342366536457,0.0,51.12
BAC260807C00064000,2026-08-05 13:36:44+00:00,64.0,0.17,0.18,0.21,0.030000001,21.428572,244.0,7645,0.2119219433593749,False,REGULAR,USD,BAC,2026-08-07,CALL,63.27999877929688,1.0113780220384372,0.195,0.1538461538461538,82.96530407492432,0.43391286378655447,70.6406477864583,0.0,51.0
AVGO260805C00402500,2026-08-04 19:56:44+00:00,402.5,17.36,18.35,21.8,0.0,0.0,429.0,315,0.914307497558594,True,REGULAR,USD,AVGO,2026-08-05,CALL,420.6900024414063,0.9567615052988102,20.075000000000003,0.1718555417185553,49.56393458787505,27.088405051717245,85.71156280517576,0.0,50.73
DIA260807C00531000,2026-08-04 19:19:53+00:00,531.0,11.0,14.25,14.6,0.0,0.0,122.0,287,0.2531812963867187,True,REGULAR,USD,DIA,2026-08-07,CALL,544.780029296875,0.9747053332431068,14.425,0.0242634315424609,66.28615991573551,8.313506416394526,84.39376546223957,0.0,50.52
SPY260805C00768000,2026-08-05 13:36:35+00:00,768.0,7.93,7.89,7.94,2.79,52.345215,221.0,5435,0.1912922668457031,True,REGULAR,USD,SPY,2026-08-05,CALL,775.2100219726562,0.9906992663042344,7.915,0.0063171193935566,85.81924851603976,0.609194490440852,63.76408894856771,0.0,50.48
MSFT260805C00505000,2026-08-05 13:37:06+00:00,505.0,0.26,0.25,0.29,-0.44,-62.857143,879.0,3048,0.405279384765625,False,REGULAR,USD,MSFT,2026-08-05,CALL,488.8949890136719,1.0329416568961352,0.27,0.148148148148148,58.60780529149052,5.573856188857587,100.0,0.0,50.39
DIA260807C00534000,2026-08-04 19:17:10+00:00,534.0,8.31,11.45,11.8,0.0,0.0,96.0,305,0.2304764453125,True,REGULAR,USD,DIA,2026-08-07,CALL,544.780029296875,0.9802121430354408,11.625,0.0301075268817205,72.42273431361882,6.102306548664608,76.82548177083333,0.0,50.31
GLD260805C00372000,2026-08-05 13:31:43+00:00,372.0,13.02,12.55,13.6,9.72,294.54544,78.0,303,0.6206092626953126,True,REGULAR,USD,GLD,2026-08-05,CALL,384.6293029785156,0.9671650004804208,13.075,0.0803059273422561,58.70882092689396,4.95338064579645,100.0,0.0,50.22
XOM260807C00147000,2026-08-03 16:43:46+00:00,147.0,8.53,6.25,8.2,0.0,0.0,60.0,223,0.7836935693359376,True,REGULAR,USD,XOM,2026-08-07,CALL,152.0399932861328,0.9668508714240224,7.225,0.2698961937716262,58.41177160088207,5.186510337426073,100.0,0.0,50.18
LLY260807C01200000,2026-08-05 13:36:57+00:00,1200.0,27.0,27.9,34.0,14.1,109.30233,268.0,558,0.995239305419922,False,REGULAR,USD,LLY,2026-08-07,CALL,1173.9649658203125,1.022177011186612,30.95,0.197092084006462,69.69241650900604,9.41977022342905,75.59508682250976,0.0,50.07
AMD260805C00470000,2026-08-05 13:36:53+00:00,470.0,19.8,18.55,20.2,-33.25,-62.67672,65.0,104,0.422857333984375,True,REGULAR,USD,AMD,2026-08-05,CALL,490.0150146484375,0.9591542829298868,19.375,0.0851612903225805,51.547608377561374,12.319989713697925,100.0,0.0,49.93
SPY260805C00810000,2026-08-05 13:35:23+00:00,810.0,0.05,0.04,0.05,0.010000002,25.000004,1214.0,1549,0.35938140625,False,REGULAR,USD,SPY,2026-08-05,CALL,775.2100219726562,1.0448781324302472,0.045,0.2222222222222222,48.242466668868424,15.501149544614762,100.0,0.0,49.72
ORCL260807C00148000,2026-08-05 13:37:09+00:00,148.0,1.85,1.7,1.78,-1.17,-38.74172,340.0,2584,0.6806672558593752,False,REGULAR,USD,ORCL,2026-08-07,CALL,143.3800048828125,1.032222032081555,1.74,0.0459770114942529,59.29252452066047,2.4312667490773907,100.0,0.0,49.57
MU260805C00945000,2026-08-05 13:37:24+00:00,945.0,2.26,2.26,2.43,-4.88,-68.06136,64.0,286,0.6174354663085939,False,REGULAR,USD,MU,2026-08-05,CALL,913.9500122070312,1.0339733983021548,2.345,0.072494669509595,57.63894198615122,4.279005753375718,100.0,0.0,49.55
UBER260807C00065000,2026-08-05 13:34:49+00:00,65.0,3.55,3.5,4.0,-3.95,-52.666668,203.0,186,0.63867548828125,True,REGULAR,USD,UBER,2026-08-07,CALL,68.63999938964844,0.9469697053902162,3.75,0.1333333333333333,42.09262597164572,21.66713673961093,100.0,0.0,49.42
AVGO260805C00435000,2026-08-05 13:37:03+00:00,435.0,0.64,0.66,0.8,-0.78999996,-55.24476,141.0,743,0.5463912548828126,False,REGULAR,USD,AVGO,2026-08-05,CALL,420.6900024414063,1.0340155398881552,0.73,0.1917808219178082,57.59968576867552,3.59750609090756,100.0,0.0,49.3
META260805C00620000,2026-08-05 13:36:42+00:00,620.0,0.22,0.2,0.3,-0.030000001,-12.0,993.0,3138,0.422857333984375,False,REGULAR,USD,META,2026-08-05,CALL,598.1799926757812,1.0364773272115193,0.25,0.3999999999999999,55.34852676750892,6.136165989053514,100.0,0.0,49.29
HYG260807C00079000,2026-08-04 19:43:49+00:00,79.0,0.62,0.43,0.66,0.0,0.0,507.0,1668,0.129891513671875,True,REGULAR,USD,HYG,2026-08-07,CALL,79.4800033569336,0.9939607028603412,0.545,0.4220183486238532,90.52566466552493,5.885917016429716,43.29717122395833,0.0,49.09
QQQ260805C00697000,2026-08-04 19:55:18+00:00,697.0,27.0,28.16,31.26,0.0,0.0,214.0,418,0.6547886083984377,True,REGULAR,USD,QQQ,2026-08-05,CALL,726.969970703125,0.95877412835342,29.71,0.1043419723998654,51.22795917705378,10.054573179984857,100.0,0.0,49.01
META260805C00617500,2026-08-05 13:35:03+00:00,617.5,0.45,0.29,0.39,0.13999999,45.161285,104.0,2153,0.4077207666015625,False,REGULAR,USD,META,2026-08-05,CALL,598.1799926757812,1.0322979831501826,0.3399999999999999,0.2941176470588236,59.2199058747842,0.7623552876633094,100.0,0.0,48.95
UBER260807C00071000,2026-08-05 13:36:35+00:00,71.0,0.48,0.44,0.53,-2.71,-84.95298,189.0,1290,0.534184345703125,False,REGULAR,USD,UBER,2026-08-07,CALL,68.63999938964844,1.0343822935800824,0.485,0.1855670103092784,57.25908267096398,2.7305347680997056,100.0,0.0,48.86
RIVN260807C00016500,2026-08-05 13:37:51+00:00,16.5,0.06,0.07,0.07,-0.08,-57.142857,512.0,30685,0.648441015625,False,REGULAR,USD,RIVN,2026-08-07,CALL,15.49899959564209,1.0645848396976128,0.07,0.0,34.41977228039477,0.12867403498733881,100.0,10.0,48.81
PLTR260807C00175000,2026-08-05 13:38:04+00:00,175.0,1.11,1.11,1.14,0.31,38.271606,2535.0,9760,0.8022480712890624,False,REGULAR,USD,PLTR,2026-08-07,CALL,163.31500244140625,1.071548831300946,1.125,0.0266666666666664,30.294506304886394,4.99963288300315,99.7189910888672,10.0,48.8
RIVN260807C00016000,2026-08-05 13:35:06+00:00,16.0,0.16,0.16,0.18,-0.110000014,-40.740746,179.0,10151,0.6445348046875,False,REGULAR,USD,RIVN,2026-08-07,CALL,15.49899959564209,1.032324693040109,0.1699999999999999,0.1176470588235293,59.19438771878451,0.14767411537185718,100.0,0.0,48.73
SPY260805C00746000,2026-08-04 19:44:00+00:00,746.0,27.25,29.14,30.71,0.0,0.0,212.0,941,0.51562984375,True,REGULAR,USD,SPY,2026-08-05,CALL,775.2100219726562,0.9623198602382276,29.925,0.0524644945697577,54.27790158916987,4.309388500657605,100.0,0.0,48.22
DIA260807C00525000,2026-08-04 19:36:21+00:00,525.0,16.79,20.15,20.5,0.0,0.0,195.0,1269,0.3169013623046874,True,REGULAR,USD,DIA,2026-08-07,CALL,544.780029296875,0.9636917136584388,20.325,0.017220172201722,55.50050460518384,2.8738825602597755,100.0,0.0,48.21
SPY260805C00749000,2026-08-04 19:52:56+00:00,749.0,23.69,26.33,27.89,0.0,0.0,188.0,8663,0.5029346582031251,True,REGULAR,USD,SPY,2026-08-05,CALL,775.2100219726562,0.9661897792472286,27.11,0.0575433419402435,57.79118026114263,0.2291966526317294,100.0,0.0,48.2
IWM260805C00301000,2026-08-05 13:37:11+00:00,301.0,1.62,1.61,1.64,-0.20000005,-10.989013,170.0,1329,0.122079091796875,True,REGULAR,USD,IWM,2026-08-05,CALL,302.3699951171875,0.9954691433035326,1.625,0.0184615384615383,92.8017478289868,2.3578515999043868,40.69303059895834,0.0,48.12
QQQ260805C00721000,2026-08-05 13:36:57+00:00,721.0,6.11,5.74,5.79,-0.25999975,-4.081629,1395.0,3072,1.0000000000000004e-05,True,REGULAR,USD,QQQ,2026-08-05,CALL,726.969970703125,0.9917878716539682,5.765000000000001,0.0086730268863833,87.35861758757753,8.894989311889251,0.003333333333333335,10.0,48.06
SPY260805C00747000,2026-08-04 19:59:02+00:00,747.0,24.88,28.28,29.96,0.0,0.0,116.0,878,0.53320779296875,True,REGULAR,USD,SPY,2026-08-05,CALL,775.2100219726562,0.963609833241228,29.12,0.0576923076923076,55.42684217590625,2.4420790202004383,100.0,0.0,48.03
SPY260805C00748000,2026-08-04 19:53:21+00:00,748.0,26.04,26.78,28.7,0.0,0.0,316.0,5325,0.5961954443359375,True,REGULAR,USD,SPY,2026-08-05,CALL,775.2100219726562,0.9648998062442284,27.74,0.069214131218457,56.597723550405355,0.9835700873047877,100.0,0.0,47.98
DIA260807C00530000,2026-08-04 19:56:25+00:00,530.0,11.25,14.85,15.25,0.0,0.0,140.0,301,0.2275467871093749,True,REGULAR,USD,DIA,2026-08-07,CALL,544.780029296875,0.9728697299789956,15.05,0.026578073089701,64.3587744705945,9.115736846092203,75.8489290364583,0.0,47.9
HYG260807C00079500,2026-08-04 19:55:55+00:00,79.5,0.14,0.1,0.12,0.0,0.0,1055.0,1707,0.04493142578125,False,REGULAR,USD,HYG,2026-08-07,CALL,79.4800033569336,1.0002515933847738,0.11,0.1818181818181817,99.63149339989756,12.180570499082497,14.977141927083334,0.0,47.86
TSLA260805C00300000,2026-08-04 19:57:45+00:00,300.0,27.8,24.0,24.6,0.0,0.0,578.0,2662,0.7148466015625,True,REGULAR,USD,TSLA,2026-08-05,CALL,324.2200012207031,0.9252976339229112,24.3,0.0246913580246914,28.534629033092347,4.145807365873306,100.0,10.0,47.86
CRM260807C00200000,2026-08-05 13:37:26+00:00,200.0,1.58,1.43,1.6,0.58000004,58.000004,97.0,2919,0.5656781713867188,False,REGULAR,USD,CRM,2026-08-07,CALL,193.2449951171875,1.0349556524282355,1.515,0.1122112211221123,56.730315237545284,0.46025240496784814,100.0,0.0,47.85
NVDA260805C00235000,2026-08-05 13:37:02+00:00,235.0,0.03,0.02,0.03,0.02,0.0,2833.0,1946,0.5546919531250001,False,REGULAR,USD,NVDA,2026-08-05,CALL,219.8300018310547,1.0690078608133018,0.025,0.3999999999999999,31.7603115147935,28.97030909474375,100.0,0.0,47.84
AVGO260805C00440000,2026-08-05 13:37:06+00:00,440.0,0.31,0.28,0.34,-0.54,-63.529415,1463.0,2640,0.5478560839843751,False,REGULAR,USD,AVGO,2026-08-05,CALL,420.6900024414063,1.0459007759788237,0.31,0.1935483870967741,47.43330528079074,10.900408594776845,100.0,0.0,47.79
MSFT260805C00477500,2026-08-04 19:55:01+00:00,477.5,16.42,15.0,18.3,0.0,0.0,66.0,374,0.9842530871582033,True,REGULAR,USD,MSFT,2026-08-05,CALL,488.8949890136719,0.9766923587483258,16.65,0.1981981981981982,68.43721818319908,3.330946642329142,76.9683641052246,0.0,47.78
LLY260807C01210000,2026-08-05 13:37:17+00:00,1210.0,25.15,22.3,28.0,13.879999,131.68878,56.0,130,0.9432989068603514,False,REGULAR,USD,LLY,2026-08-07,CALL,1173.9649658203125,1.0306951529465005,25.15,0.2266401590457256,60.77031430574662,8.427382663624735,82.08763664245608,0.0,47.78
QQQ260805C00765000,2026-08-05 13:35:39+00:00,765.0,0.03,0.03,0.04,-0.03,-50.0,881.0,1077,0.4023497265625,False,REGULAR,USD,QQQ,2026-08-05,CALL,726.969970703125,1.0523130677049732,0.035,0.2857142857142857,42.60727754111034,16.18819125517877,100.0,0.0,47.71
DIA260807C00536000,2026-08-04 19:59:49+00:00,536.0,5.9,9.3,9.65,0.0,0.0,166.0,1075,0.1905598522949219,True,REGULAR,USD,DIA,2026-08-07,CALL,544.780029296875,0.9838833495636632,9.475,0.0369393139841688,76.83714597822427,2.88899963718857,63.51995076497396,0.0,47.63
AMZN260805C00287500,2026-08-05 13:37:02+00:00,287.5,0.13,0.14,0.16,-0.120000005,-48.0,1086.0,4319,0.47070841796875,False,REGULAR,USD,AMZN,2026-08-05,CALL,276.3450012207031,1.040366204309909,0.15,0.1333333333333332,51.95327126329716,4.8335616862755675,100.0,0.0,47.47
DIA260807C00533000,2026-08-04 19:53:49+00:00,533.0,8.8,12.0,12.35,0.0,0.0,451.0,1275,0.2028888305664062,True,REGULAR,USD,DIA,2026-08-07,CALL,544.780029296875,0.9783765397713292,12.175,0.028747433264887,70.31546530820883,6.883337871407778,67.62961018880208,0.0,47.44
TLT260805C00083000,2026-08-05 13:34:48+00:00,83.0,0.1,0.09,0.1,-0.059999995,-37.499996,575.0,5494,0.09571216796875,False,REGULAR,USD,TLT,2026-08-05,CALL,82.84500122070312,1.0018709490857989,0.095,0.1052631578947369,96.9795031267296,1.8917727744513269,31.904055989583334,0.0,47.43
IWM260805C00310000,2026-08-05 13:34:05+00:00,310.0,0.04,0.03,0.04,0.0,0.0,73.0,1233,0.2461012890625,False,REGULAR,USD,IWM,2026-08-05,CALL,302.3699951171875,1.0252340014089538,0.035,0.2857142857142857,66.35082311067123,0.9808137802521633,82.03376302083333,0.0,47.39
SPY260805C00745000,2026-08-04 20:04:59+00:00,745.0,27.13,29.66,31.7,0.0,0.0,331.0,2007,0.6428258374023439,True,REGULAR,USD,SPY,2026-08-05,CALL,775.2100219726562,0.9610298872352274,30.68,0.0664928292046935,53.15029080219358,3.099515146327815,100.0,0.0,47.34
PLTR260807C00157500,2026-08-05 13:37:11+00:00,157.5,8.8,8.0,8.4,1.2600002,16.710878,134.0,8643,0.8164080859374999,True,REGULAR,USD,PLTR,2026-08-07,CALL,163.31500244140625,0.9643939481708512,8.2,0.0487804878048781,56.13591183013773,0.10498938809792452,97.94898925781251,0.0,46.98
GOOGL260805C00395000,2026-08-05 13:35:09+00:00,395.0,0.21,0.17,0.21,0.03999999,23.529406,123.0,685,0.47070841796875,False,REGULAR,USD,GOOGL,2026-08-05,CALL,379.510009765625,1.040815761997796,0.19,0.2105263157894736,51.57286915811879,3.3929029521186407,100.0,0.0,46.82
DIA260807C00510000,2026-08-04 16:44:35+00:00,510.0,31.15,34.65,35.0,0.0,0.0,321.0,284,0.3881897119140625,True,REGULAR,USD,DIA,2026-08-07,CALL,544.780029296875,0.9361576646967692,34.825,0.0100502512562814,34.88029851819806,22.446413436904646,100.0,0.0,46.81
MU260805C00955000,2026-08-05 13:37:50+00:00,955.0,1.5,1.83,1.93,-3.6999998,-71.15384,237.0,642,0.6953155468750001,False,REGULAR,USD,MU,2026-08-05,CALL,913.9500122070312,1.0449149157445057,1.88,0.053191489361702,48.21316406335516,7.192640647556363,100.0,0.0,46.8
AMD260805C00507500,2026-08-05 13:37:38+00:00,507.5,2.67,2.68,2.94,-25.51,-90.52519,304.0,1855,0.85937640625,False,REGULAR,USD,AMD,2026-08-05,CALL,490.0150146484375,1.035682550184931,2.81,0.092526690391459,56.06637412726744,3.0786449252625756,92.57794921875,0.0,46.65
MU260805C00960000,2026-08-05 13:37:05+00:00,960.0,1.21,1.03,1.18,-3.44,-73.97849,350.0,610,0.6567417138671876,False,REGULAR,USD,MU,2026-08-05,CALL,913.9500122070312,1.0503856744656812,1.105,0.1357466063348415,44.01461421994364,11.293291700977761,100.0,0.0,46.56
META260805C00622500,2026-08-05 13:37:19+00:00,622.5,0.18,0.17,0.22,-0.019999996,-10.526314,85.0,719,0.4335994140625,False,REGULAR,USD,META,2026-08-05,CALL,598.1799926757812,1.0406566712728562,0.195,0.2564102564102563,51.70720891697662,2.1635331277821477,100.0,0.0,46.44
KO260807C00090000,2026-08-05 13:33:39+00:00,90.0,0.09,0.08,0.13,0.010000005,12.500007,836.0,8948,0.3457096679687499,False,REGULAR,USD,KO,2026-08-07,CALL,86.47000122070312,1.0408233922685743,0.105,0.4761904761904761,51.56643361525326,1.6666920848124076,100.0,0.0,46.21
QQQ260805C00705000,2026-08-04 20:14:29+00:00,705.0,20.01,19.95,20.16,0.0,0.0,3294.0,1972,1.0000000000000004e-05,True,REGULAR,USD,QQQ,2026-08-05,CALL,726.969970703125,0.9697787094536028,20.055,0.0104712041884817,61.23598840366531,33.270710224299116,0.003333333333333335,10.0,46.14
QQQ260805C00760000,2026-08-05 13:35:52+00:00,760.0,0.05,0.04,0.05,-0.05,-55.555553,1182.0,4157,0.367193828125,False,REGULAR,USD,QQQ,2026-08-05,CALL,726.969970703125,1.045435204517359,0.045,0.2222222222222222,47.80027523862449,5.492766533976861,100.0,0.0,46.04
QQQ260805C00720000,2026-08-05 13:36:49+00:00,720.0,6.49,6.7,6.86,-0.94000006,-12.651415,2210.0,8075,1.0000000000000004e-05,True,REGULAR,USD,QQQ,2026-08-05,CALL,726.969970703125,0.9904122990164456,6.78,0.023598820058997,85.41854900879147,5.279218962888106,0.003333333333333335,10.0,46.02
TSLA260805C00317500,2026-08-05 13:36:57+00:00,317.5,6.7,6.45,6.75,-4.1900005,-38.47567,210.0,1917,0.2011798632812499,True,REGULAR,USD,TSLA,2026-08-05,CALL,324.2200012207031,0.979273329235081,6.6,0.0454545454545454,71.33697202400198,1.9897045760093064,67.0599544270833,0.0,46.0
TSLA260805C00340000,2026-08-05 13:36:58+00:00,340.0,0.09,0.07,0.09,-0.79999995,-91.95402,3742.0,9328,0.476567734375,False,REGULAR,USD,TSLA,2026-08-05,CALL,324.2200012207031,1.0486706517792994,0.08,0.2499999999999998,45.29756343242082,7.8339357691304485,100.0,0.0,45.86
QQQ260805C00696000,2026-08-04 20:08:30+00:00,696.0,28.64,29.16,32.24,0.0,0.0,71.0,646,0.6679720703125002,True,REGULAR,USD,QQQ,2026-08-05,CALL,726.969970703125,0.9573985557158972,30.700000000000003,0.1003257328990228,50.08556324248057,1.9969385247489597,100.0,0.0,45.73
AMD260805C00530000,2026-08-05 13:38:00+00:00,530.0,0.58,0.55,0.58,-16.42,-96.588234,2233.0,3299,0.9301764794921876,False,REGULAR,USD,AMD,2026-08-05,CALL,490.0150146484375,1.0815995105379574,0.565,0.0530973451327432,24.89860143932095,13.35955957540448,83.72794006347655,10.0,45.57
SPY260805C00742000,2026-08-04 20:11:14+00:00,742.0,30.05,33.23,34.7,0.0,0.0,130.0,1340,0.5776409423828125,True,REGULAR,USD,SPY,2026-08-05,CALL,775.2100219726562,0.9571599682262264,33.965,0.043279846901222,49.889658425822745,1.7385641652870572,100.0,0.0,45.56
QQQ260805C00694000,2026-08-04 17:24:36+00:00,694.0,27.95,31.1,34.8,0.0,0.0,50.0,343,0.7775901147460937,True,REGULAR,USD,QQQ,2026-08-05,CALL,726.969970703125,0.9546474104408516,32.95,0.1122913505311076,47.8656390964446,2.7157236973308096,100.0,0.0,45.1
INTC260805C00106000,2026-08-05 13:37:13+00:00,106.0,0.15,0.11,0.14,-0.73,-82.954544,853.0,4007,0.6210975390625001,False,REGULAR,USD,INTC,2026-08-05,CALL,101.23999786376952,1.047017011425026,0.125,0.2400000000000001,46.562939263175366,4.06058213487275,100.0,0.0,45.05
AMD260805C00515000,2026-08-05 13:38:03+00:00,515.0,1.96,1.92,2.1,-21.490002,-91.6418,888.0,923,0.9372564868164062,False,REGULAR,USD,AMD,2026-08-05,CALL,490.0150146484375,1.0509882036359397,2.01,0.0895522388059702,43.57080134213164,19.075462414598896,82.84293914794924,0.0,44.82
SPY260805C00815000,2026-08-05 13:33:43+00:00,815.0,0.04,0.03,0.04,0.01,33.333336,255.0,706,0.39258419921875,False,REGULAR,USD,SPY,2026-08-05,CALL,775.2100219726562,1.0513279974452487,0.035,0.2857142857142857,43.32207346250838,7.032931222132159,100.0,0.0,44.79
AAPL260805C00305000,2026-08-05 13:37:09+00:00,305.0,2.35,2.19,2.36,-2.7000003,-53.46535,688.0,11869,1.0000000000000004e-05,True,REGULAR,USD,AAPL,2026-08-05,CALL,307.8800048828125,0.9906456904081552,2.275,0.0747252747252747,85.74427950672735,0.9559815921212131,0.003333333333333335,10.0,44.63
DIA260807C00529000,2026-08-04 19:58:57+00:00,529.0,12.25,15.65,16.05,0.0,0.0,267.0,893,0.2097246997070312,True,REGULAR,USD,DIA,2026-08-07,CALL,544.780029296875,0.971034126714884,15.85,0.0252365930599369,62.48625493570028,5.786419278350061,69.90823323567706,0.0,44.5
AAPL260805C00322500,2026-08-05 13:35:13+00:00,322.5,0.02,0.02,0.03,-0.06,-66.66667,470.0,3175,0.398443515625,False,REGULAR,USD,AAPL,2026-08-05,CALL,307.8800048828125,1.0474860169069835,0.025,0.3999999999999999,46.201170728804826,2.7609946665118774,100.0,0.0,44.45
SLV260805C00053500,2026-08-05 13:35:56+00:00,53.5,2.5,2.47,2.59,1.86,269.56525,83.0,2148,0.585941640625,True,REGULAR,USD,SLV,2026-08-05,CALL,56.041900634765625,0.9546428546145924,2.53,0.0474308300395255,47.86203265152955,0.5686757519424096,100.0,0.0,44.34
SPY260805C00739000,2026-08-04 19:51:59+00:00,739.0,33.56,36.28,38.47,0.0,0.0,56.0,621,0.6875031250000001,True,REGULAR,USD,SPY,2026-08-05,CALL,775.2100219726562,0.9532900492172256,37.375,0.0585953177257524,46.80104414566651,1.6015269885677388,100.0,0.0,44.28
AMZN260805C00290000,2026-08-05 13:37:26+00:00,290.0,0.06,0.06,0.08,-0.06999999,-53.84615,1268.0,6129,0.48633326171875,False,REGULAR,USD,AMZN,2026-08-05,CALL,276.3450012207031,1.0494128669560818,0.07,0.2857142857142857,44.73872290411365,3.940492285175543,100.0,0.0,44.27
MU260805C01000000,2026-08-05 13:38:12+00:00,1000.0,0.22,0.21,0.22,-1.18,-84.28571,1094.0,4612,0.7939473730468749,False,REGULAR,USD,MU,2026-08-05,CALL,913.9500122070312,1.0941517442350843,0.215,0.0465116279069767,18.944224079317785,4.54817960852874,100.0,10.0,44.17
QQQ260805C00709000,2026-08-04 19:47:29+00:00,709.0,16.84,16.09,16.34,0.0,0.0,1275.0,1198,1.0000000000000004e-05,True,REGULAR,USD,QQQ,2026-08-05,CALL,726.969970703125,0.975281000003694,16.215,0.0154178230033919,66.90229686923382,21.12353951826105,0.003333333333333335,10.0,44.15
LLY260807C01220000,2026-08-05 13:37:27+00:00,1220.0,21.05,18.9,21.05,11.299999,146.75322,89.0,659,0.8946543737792967,False,REGULAR,USD,LLY,2026-08-07,CALL,1173.9649658203125,1.0392132947063888,19.975,0.1076345431789738,52.940057985797104,2.500892962363945,88.16820327758792,0.0,44.09
SLV260805C00051000,2026-08-04 19:39:24+00:00,51.0,2.9,4.85,5.05,0.0,0.0,414.0,275,0.7812521875,True,REGULAR,USD,SLV,2026-08-05,CALL,56.041900634765625,0.9100333754269948,4.949999999999999,0.0404040404040404,20.842068406020164,29.965307108458145,100.0,0.0,43.82
MU260805C00965000,2026-08-05 13:37:23+00:00,965.0,0.92,0.9,1.01,-3.15,-76.82927,177.0,441,0.68555001953125,False,REGULAR,USD,MU,2026-08-05,CALL,913.9500122070312,1.0558564331868563,0.955,0.1151832460732984,40.11081323870607,7.837998906059938,100.0,0.0,43.79
INTC260805C00100000,2026-08-05 13:37:47+00:00,100.0,1.2,1.15,1.21,-1.8499999,-60.655735,1717.0,10787,1.0000000000000004e-05,True,REGULAR,USD,INTC,2026-08-05,CALL,101.23999786376952,0.9877518975707792,1.18,0.0508474576271186,81.80130621833814,2.9842847421076324,0.003333333333333335,10.0,43.77
UBER260807C00072000,2026-08-05 13:37:43+00:00,72.0,0.27,0.27,0.3,-2.42,-89.62963,471.0,4378,0.5302781347656251,False,REGULAR,USD,UBER,2026-08-07,CALL,68.63999938964844,1.0489510582783934,0.285,0.1052631578947367,45.08578070100879,1.9503679267869667,100.0,0.0,43.72
SPY260805C00820000,2026-08-05 13:35:59+00:00,820.0,0.02,0.02,0.03,-0.02,-50.0,371.0,867,0.42188078125,False,REGULAR,USD,SPY,2026-08-05,CALL,775.2100219726562,1.0577778624602503,0.025,0.3999999999999999,38.80396574166437,8.370127329075256,100.0,0.0,43.45
QCOM260807C00170000,2026-08-05 13:37:27+00:00,170.0,0.8,0.72,0.85,-0.91,-50.276245,129.0,2235,0.56055126953125,False,REGULAR,USD,QCOM,2026-08-07,CALL,162.05999755859375,1.04899421548205,0.7849999999999999,0.1656050955414013,45.05325612792978,0.9510111987223815,100.0,0.0,43.35
QQQ260805C00690000,2026-08-04 20:10:16+00:00,690.0,34.48,35.14,38.08,0.0,0.0,208.0,1522,0.7368190380859375,True,REGULAR,USD,QQQ,2026-08-05,CALL,726.969970703125,0.9491451198907602,36.61,0.0803059273422561,43.668699770429356,2.533142686058501,100.0,0.0,43.35
LLY260807C01250000,2026-08-05 13:37:56+00:00,1250.0,9.9,8.8,10.6,4.6499996,88.57143,391.0,548,0.8100604931640624,False,REGULAR,USD,LLY,2026-08-07,CALL,1173.9649658203125,1.064767719986054,9.7,0.1855670103092782,34.30698081328909,14.09370420749799,98.74243835449221,0.0,43.34
PLTR260807C00180000,2026-08-05 13:38:14+00:00,180.0,0.55,0.53,0.54,0.17000002,44.736847,3478.0,11174,0.80664255859375,False,REGULAR,USD,PLTR,2026-08-07,CALL,163.31500244140625,1.1021645121952586,0.535,0.0186915887850467,15.529877081603981,6.032246308114485,99.16968017578125,10.0,43.12
MSFT260805C00515000,2026-08-05 13:36:06+00:00,515.0,0.04,0.04,0.06,-0.1,-58.82353,103.0,1323,0.45313046875,False,REGULAR,USD,MSFT,2026-08-05,CALL,488.8949890136719,1.053395947131702,0.05,0.3999999999999999,41.83210146507162,1.3545445227255617,100.0,0.0,42.21
CRM260807C00182500,2026-08-04 18:44:39+00:00,182.5,8.85,10.2,12.3,0.0,0.0,102.0,623,0.526371923828125,True,REGULAR,USD,CRM,2026-08-07,CALL,193.2449951171875,0.944397032840765,11.25,0.1866666666666668,40.28561606884505,3.075488743819069,100.0,0.0,42.19
PYPL260807C00062000,2026-08-05 13:33:48+00:00,62.0,0.08,0.08,0.11,0.02,33.333336,55.0,708,0.44336494140625,False,REGULAR,USD,PYPL,2026-08-07,CALL,58.84000015258789,1.0537049598779298,0.095,0.3157894736842105,41.612898746991085,1.3511425834502893,100.0,0.0,42.12
TSLA260805C00342500,2026-08-05 13:37:08+00:00,342.5,0.05,0.05,0.06,-0.62,-92.53731,349.0,1923,0.5039112109375,False,REGULAR,USD,TSLA,2026-08-05,CALL,324.2200012207031,1.0563814653953236,0.055,0.1818181818181817,39.750527357565055,3.4314864794146027,100.0,0.0,42.1
JPM260807C00375000,2026-08-05 13:36:55+00:00,375.0,0.14,0.11,0.14,0.08,133.33333,135.0,2225,0.25196060546875,False,REGULAR,USD,JPM,2026-08-07,CALL,360.385009765625,1.0405538239336865,0.125,0.2400000000000001,51.79421735411602,1.0102535554198604,83.98686848958333,0.0,42.07
GOOGL260805C00400000,2026-08-05 13:35:09+00:00,400.0,0.08,0.06,0.06,-0.020000003,-20.000002,261.0,4323,0.47461462890625,False,REGULAR,USD,GOOGL,2026-08-05,CALL,379.510009765625,1.0539906450610592,0.06,0.0,41.41102641265027,1.0042528850364763,100.0,0.0,41.92
QQQ260805C00770000,2026-08-05 13:34:50+00:00,770.0,0.03,0.02,0.03,-0.04,-66.66667,476.0,1867,0.4335994140625,False,REGULAR,USD,QQQ,2026-08-05,CALL,726.969970703125,1.0591909308925875,0.025,0.3999999999999999,37.8630080154441,4.903853561698667,100.0,0.0,41.86
IWM260805C00295000,2026-08-04 20:01:19+00:00,295.0,6.96,6.78,7.05,0.0,0.0,2198.0,3071,1.0000000000000004e-05,True,REGULAR,USD,IWM,2026-08-05,CALL,302.3699951171875,0.9756259045665852,6.915,0.0390455531453361,67.27418104019776,14.138278246313336,0.003333333333333335,10.0,41.86
NFLX260807C00078000,2026-08-05 13:37:14+00:00,78.0,0.2,0.21,0.23,0.060000002,42.857143,366.0,10070,0.50586431640625,False,REGULAR,USD,NFLX,2026-08-07,CALL,74.0199966430664,1.053769299343874,0.22,0.090909090909091,41.56736941872412,0.522681023679435,100.0,0.0,41.81
SLV260805C00053000,2026-08-05 13:35:08+00:00,53.0,2.92,2.98,3.05,1.9200001,192.0,130.0,2501,0.500005,True,REGULAR,USD,SLV,2026-08-05,CALL,56.041900634765625,0.945720958777073,3.015,0.023217247097844,41.20799673956683,0.8359968201987164,100.0,0.0,41.78
MU260805C00970000,2026-08-05 13:37:14+00:00,970.0,0.7,0.68,0.78,-2.8,-79.77208,247.0,924,0.6948272705078126,False,REGULAR,USD,MU,2026-08-05,CALL,913.9500122070312,1.061327191908032,0.73,0.1369863013698629,36.47177547576065,5.1515930780460195,100.0,0.0,41.39
QQQ260805C00689000,2026-08-04 20:10:02+00:00,689.0,35.42,36.3,39.74,0.0,0.0,59.0,440,0.8535170898437501,True,REGULAR,USD,QQQ,2026-08-05,CALL,726.969970703125,0.9477695472532374,38.02,0.0904786954234614,42.666869998114095,2.481609338715459,93.31036376953125,0.0,41.26
QQQ260805C00687000,2026-08-04 20:14:19+00:00,687.0,37.57,38.29,41.81,0.0,0.0,274.0,650,0.8964854101562498,True,REGULAR,USD,QQQ,2026-08-05,CALL,726.969970703125,0.9450184019781916,40.05,0.0878901373283396,40.71656219226454,8.242387477086604,87.93932373046877,0.0,41.16
NVDA260805C00207500,2026-08-05 13:37:19+00:00,207.5,11.92,11.95,12.4,6.92,138.4,204.0,9257,0.6015664843750002,True,REGULAR,USD,NVDA,2026-08-05,CALL,219.8300018310547,0.9439111962500432,12.175,0.0369609856262834,39.95105769646575,0.2359282333841969,100.0,0.0,41.06
INTC260805C00107000,2026-08-05 13:36:52+00:00,107.0,0.09,0.08,0.11,-0.64,-87.671234,237.0,4678,0.6738313867187502,False,REGULAR,USD,INTC,2026-08-05,CALL,101.23999786376952,1.0568945304007338,0.095,0.3157894736842105,39.40078307770481,0.8096120120319098,100.0,0.0,41.04
AMZN260805C00292500,2026-08-05 13:34:34+00:00,292.5,0.07,0.07,0.08,0.0,0.0,146.0,4433,0.5507857421875001,False,REGULAR,USD,AMZN,2026-08-05,CALL,276.3450012207031,1.058459529602255,0.075,0.1333333333333332,38.34795062597555,0.4543252105785634,100.0,0.0,40.5
AMZN260805C00295000,2026-08-05 13:37:05+00:00,295.0,0.03,0.03,0.04,-0.01,-20.000002,782.0,2382,0.5546919531250001,False,REGULAR,USD,AMZN,2026-08-05,CALL,276.3450012207031,1.067506192248428,0.035,0.2857142857142857,32.6474831069964,6.373692746458488,100.0,0.0,40.29
PLTR260807C00155000,2026-08-05 13:36:55+00:00,155.0,10.5,10.0,10.5,1.2700005,13.759485,148.0,9044,0.8754895263671875,True,REGULAR,USD,PLTR,2026-08-07,CALL,163.31500244140625,0.949086107723695,10.25,0.048780487804878,43.62534625815943,0.12223608708644475,90.56380920410157,0.0,40.13
ORCL260807C00134000,2026-08-04 19:57:46+00:00,134.0,12.32,9.05,9.9,0.0,0.0,383.0,1678,0.6543003320312502,True,REGULAR,USD,ORCL,2026-08-07,CALL,143.3800048828125,0.9345794074251916,9.475,0.0897097625329814,33.90635582045444,4.36862355015553,100.0,0.0,40.09
CRM260807C00205000,2026-08-05 13:36:48+00:00,205.0,0.71,0.57,0.78,0.29999998,73.17073,53.0,2334,0.577152666015625,False,REGULAR,USD,CRM,2026-08-07,CALL,193.2449951171875,1.0608295437389414,0.675,0.3111111111111112,36.79256510144515,0.24936423102252925,100.0,0.0,39.8
UBER260807C00073000,2026-08-05 13:37:25+00:00,73.0,0.18,0.14,0.19,-2.02,-91.81818,251.0,3025,0.53320779296875,False,REGULAR,USD,UBER,2026-08-07,CALL,68.63999938964844,1.0635198229767044,0.165,0.3030303030303029,35.081634357243665,1.4571921229028906,100.0,0.0,39.54
MSFT260805C00520000,2026-08-05 13:33:10+00:00,520.0,0.06,0.02,0.03,0.0,0.0,63.0,809,0.4804739453125,False,REGULAR,USD,MSFT,2026-08-05,CALL,488.8949890136719,1.0636230922494856,0.025,0.3999999999999999,35.0170797232673,1.354956465462162,100.0,0.0,39.48
ORCL260807C00152500,2026-08-05 13:36:48+00:00,152.5,0.85,0.87,0.97,-0.79999995,-48.484844,193.0,3147,0.7280300634765625,False,REGULAR,USD,ORCL,2026-08-07,CALL,143.3800048828125,1.063607161435386,0.92,0.108695652173913,35.02703291505606,1.0233623046197766,100.0,0.0,39.37
INTC260805C00108000,2026-08-05 13:36:58+00:00,108.0,0.05,0.05,0.05,-0.51,-91.07143,209.0,1258,0.6718782812500002,False,REGULAR,USD,INTC,2026-08-05,CALL,101.23999786376952,1.0667720493764417,0.05,0.0,33.08702245843952,3.123844187871376,100.0,0.0,39.33
MU260805C00975000,2026-08-05 13:37:06+00:00,975.0,0.6,0.56,0.67,-2.3600001,-79.72974,93.0,612,0.717776259765625,False,REGULAR,USD,MU,2026-08-05,CALL,913.9500122070312,1.0667979506292071,0.615,0.1788617886178861,33.071449249776634,2.839742102910082,100.0,0.0,39.22
AMD260805C00522500,2026-08-05 13:38:08+00:00,522.5,1.3,1.15,1.3,-18.2,-94.251686,552.0,692,0.960937890625,False,REGULAR,USD,AMD,2026-08-05,CALL,490.0150146484375,1.0662938570869485,1.225,0.1224489795918368,33.37540861260842,15.780852217153946,79.882763671875,0.0,38.84
SOFI260807C00020000,2026-08-05 13:37:22+00:00,20.0,0.05,0.03,0.04,0.0,0.0,1664.0,14511,0.51562984375,False,REGULAR,USD,SOFI,2026-08-07,CALL,18.73539924621582,1.0674979346404696,0.035,0.2857142857142857,32.65240560157158,2.0924247149454644,100.0,0.0,38.79
SLV260805C00051500,2026-08-04 19:47:27+00:00,51.5,2.41,4.35,4.55,0.0,0.0,222.0,416,0.7187528125,True,REGULAR,USD,SLV,2026-08-05,CALL,56.041900634765625,0.9189552712645144,4.449999999999999,0.0449438202247191,25.18082479906749,10.489308180247663,100.0,0.0,38.74
MU260805C00980000,2026-08-05 13:37:28+00:00,980.0,0.48,0.45,0.57,-2.09,-80.69498,221.0,852,0.737307314453125,False,REGULAR,USD,MU,2026-08-05,CALL,913.9500122070312,1.0722687093503829,0.51,0.2352941176470587,29.887092185293373,4.992740027800382,100.0,0.0,38.7
MU260805C00985000,2026-08-05 13:37:12+00:00,985.0,0.39,0.35,0.39,-1.88,-83.185844,172.0,410,0.7392604199218749,False,REGULAR,USD,MU,2026-08-05,CALL,913.9500122070312,1.0777394680715582,0.37,0.1081081081081082,26.898761916331587,8.201778777602623,100.0,0.0,38.63
MSFT260805C00470000,2026-08-04 19:55:00+00:00,470.0,24.37,21.55,24.35,0.0,0.0,600.0,3033,1.1010787133789064,True,REGULAR,USD,MSFT,2026-08-05,CALL,488.8949890136719,0.9613516410716504,22.950000000000003,0.1220043572984749,53.42958306134848,3.758892199520346,62.3651608276367,0.0,38.28
GOOGL260805C00405000,2026-08-05 13:33:33+00:00,405.0,0.04,0.02,0.03,-0.010000002,-20.000002,56.0,2166,0.507817421875,False,REGULAR,USD,GOOGL,2026-08-05,CALL,379.510009765625,1.0671655281243224,0.025,0.3999999999999999,32.85096235183077,0.31241991034232425,100.0,0.0,38.25
QQQ260805C00681000,2026-08-04 19:47:58+00:00,681.0,44.33,44.01,47.05,0.0,0.0,57.0,374,0.8684095190429688,True,REGULAR,USD,QQQ,2026-08-05,CALL,726.969970703125,0.9367649661530546,45.53,0.066769163189106,35.26008204918937,2.848673094535883,91.44881011962892,0.0,37.96
MSFT260805C00472500,2026-08-04 19:01:25+00:00,472.5,24.08,20.25,22.9,0.0,0.0,103.0,1146,1.1535686853027345,True,REGULAR,USD,MSFT,2026-08-05,CALL,488.8949890136719,0.9664652136305424,21.575,0.1228273464658168,58.04899382302876,1.595528719816151,55.80391433715819,0.0,37.73
INTC260805C00110000,2026-08-05 13:37:28+00:00,110.0,0.03,0.03,0.04,-0.32,-91.42857,6856.0,14351,0.7812521875,False,REGULAR,USD,INTC,2026-08-05,CALL,101.23999786376952,1.0865270873278572,0.035,0.2857142857142857,22.465567723759598,9.36866539799965,100.0,0.0,37.27
AMD260805C00450000,2026-08-05 13:36:36+00:00,450.0,39.14,35.7,40.1,-38.71,-49.723827,81.0,244,0.6171913281250001,True,REGULAR,USD,AMD,2026-08-05,CALL,490.0150146484375,0.9183392070605298,37.900000000000006,0.1160949868073878,24.86753215815588,6.4472770809385835,100.0,0.0,37.2
WMT260807C00105000,2026-08-04 19:50:08+00:00,105.0,6.0,6.0,8.4,0.0,0.0,70.0,134,0.99023447265625,True,REGULAR,USD,WMT,2026-08-07,CALL,112.06999969482422,0.9369144310334931,7.2,0.3333333333333333,35.35398550186943,10.26352891807037,76.22069091796875,0.0,36.79
QCOM260807C00148000,2026-08-04 19:38:48+00:00,148.0,15.5,11.35,14.2,0.0,0.0,62.0,154,0.5800823242187501,True,REGULAR,USD,QCOM,2026-08-07,CALL,162.05999755859375,0.9132420228902554,12.775,0.223091976516634,22.35471280903921,7.862786964449918,100.0,0.0,36.69
META260805C00577500,2026-08-04 19:43:22+00:00,577.5,15.76,15.6,20.6,0.0,0.0,830.0,419,1.0000000000000004e-05,True,REGULAR,USD,META,2026-08-05,CALL,598.1799926757812,0.9654284781687944,18.1,0.276243093922652,57.084072990769904,39.49391721122558,0.003333333333333335,0.0,36.66
AMD260805C00525000,2026-08-05 13:37:44+00:00,525.0,0.84,0.75,0.84,-19.66,-95.902435,1052.0,2522,0.90820404296875,False,REGULAR,USD,AMD,2026-08-05,CALL,490.0150146484375,1.071395741570618,0.7949999999999999,0.1132075471698113,30.38158854160948,8.154022078705847,86.47449462890626,0.0,36.63
MU260805C00990000,2026-08-05 13:37:06+00:00,990.0,0.3,0.28,0.36,-1.6199999,-84.375,223.0,761,0.762697685546875,False,REGULAR,USD,MU,2026-08-05,CALL,913.9500122070312,1.0832102267927337,0.32,0.2499999999999998,24.088898037230898,5.66704055700123,100.0,0.0,36.62
TSLA260805C00350000,2026-08-05 13:37:24+00:00,350.0,0.03,0.02,0.03,-0.28,-90.32258,978.0,5520,0.5976602734375001,False,REGULAR,USD,TSLA,2026-08-05,CALL,324.2200012207031,1.0795139062433965,0.025,0.3999999999999999,25.96861787851979,3.3450420769385576,100.0,0.0,36.56
PLTR260807C00185000,2026-08-05 13:38:09+00:00,185.0,0.28,0.27,0.29,0.08,47.058823,510.0,4305,0.8388687988281249,False,REGULAR,USD,PLTR,2026-08-07,CALL,163.31500244140625,1.1327801930895711,0.28,0.0714285714285712,4.6489904639385395,2.1684862828398557,95.14140014648439,10.0,36.4
INTC260805C00109000,2026-08-05 13:34:54+00:00,109.0,0.08,0.06,0.08,-0.37,-82.22222,53.0,1223,0.79687703125,False,REGULAR,USD,INTC,2026-08-05,CALL,101.23999786376952,1.0766495683521495,0.07,0.2857142857142857,27.479341009439146,0.6627782071135289,100.0,0.0,36.22
QCOM260807C00149000,2026-08-04 19:00:39+00:00,149.0,14.0,10.85,13.1,0.0,0.0,63.0,410,0.4414118359375,True,REGULAR,USD,QCOM,2026-08-07,CALL,162.05999755859375,0.9194125770989732,11.975,0.1878914405010438,25.41476489623264,2.873767002713744,100.0,0.0,36.17
SNAP260807C00006000,2026-08-05 13:37:26+00:00,6.0,0.05,0.04,0.05,-0.02,-33.333336,419.0,31844,0.8437515624999999,False,REGULAR,USD,SNAP,2026-08-07,CALL,5.605000019073486,1.07047278850711,0.045,0.2222222222222222,30.909907057530532,0.05797323756846254,94.53105468750002,0.0,36.02
UBER260807C00074000,2026-08-05 13:36:40+00:00,74.0,0.11,0.08,0.1,-1.66,-93.78531,343.0,6090,0.5351608984375,False,REGULAR,USD,UBER,2026-08-07,CALL,68.63999938964844,1.0780885876750153,0.09,0.2222222222222222,26.71429198831563,0.9230281139217807,100.0,0.0,36.01
AMD260805C00537500,2026-08-05 13:37:03+00:00,537.5,0.38,0.31,0.41,-13.87,-97.333336,376.0,286,0.9726565234375,False,REGULAR,USD,AMD,2026-08-05,CALL,490.0150146484375,1.0969051639889662,0.36,0.2777777777777777,17.739617225441943,26.142073253336758,78.41793457031251,0.0,35.85
IWM260805C00300000,2026-08-05 13:35:18+00:00,300.0,2.23,2.27,2.33,-0.30999994,-12.204722,296.0,2720,1.0000000000000004e-05,True,REGULAR,USD,IWM,2026-08-05,CALL,302.3699951171875,0.9921619368473747,2.3,0.0260869565217391,87.89474818039007,1.975222113532538,0.003333333333333335,0.0,35.85
AVGO260805C00392500,2026-08-04 19:59:34+00:00,392.5,26.38,28.7,31.95,0.0,0.0,221.0,121,1.284671545410156,True,REGULAR,USD,AVGO,2026-08-05,CALL,420.6900024414063,0.9329910331174732,30.325,0.1071723000824402,32.944755054780465,36.39834909102244,39.41605682373051,0.0,35.77
AMD260805C00550000,2026-08-05 13:37:49+00:00,550.0,0.16,0.16,0.17,-10.940001,-98.46984,3330.0,5036,1.0332079589843752,False,REGULAR,USD,AMD,2026-08-05,CALL,490.0150146484375,1.1224145864073145,0.165,0.0606060606060606,7.997540126771222,13.046262350813556,70.8490051269531,10.0,35.48
QCOM260807C00175000,2026-08-05 13:36:41+00:00,175.0,0.37,0.34,0.38,-0.51,-57.954544,186.0,8997,0.614261669921875,False,REGULAR,USD,QCOM,2026-08-07,CALL,162.05999755859375,1.0798469865256397,0.36,0.111111111111111,25.79606628675944,0.20859573340836451,100.0,0.0,35.39
NFLX260807C00080000,2026-08-05 13:34:57+00:00,80.0,0.08,0.06,0.08,0.029999997,59.999996,325.0,8786,0.5117236328125,False,REGULAR,USD,NFLX,2026-08-07,CALL,74.0199966430664,1.080789024968076,0.07,0.2857142857142857,25.311487156115536,0.5356092866130675,100.0,0.0,35.31
ORCL260807C00155000,2026-08-05 13:36:22+00:00,155.0,0.57,0.52,0.6,-0.56,-49.55752,150.0,3728,0.7226590234375,False,REGULAR,USD,ORCL,2026-08-07,CALL,143.3800048828125,1.0810433444097367,0.56,0.1428571428571427,25.18153118356136,0.600650509274963,100.0,0.0,35.28
ORCL260807C00132000,2026-08-04 19:58:47+00:00,132.0,14.07,10.75,13.5,0.0,0.0,378.0,2205,0.8422867333984375,True,REGULAR,USD,ORCL,2026-08-07,CALL,143.3800048828125,0.9206304610457112,12.125,0.2268041237113402,26.04360614617779,3.2298988513629348,94.71415832519531,0.0,35.23
UBER260807C00075000,2026-08-05 13:37:52+00:00,75.0,0.05,0.05,0.06,-1.38,-95.833336,2560.0,9738,0.5507857421875001,False,REGULAR,USD,UBER,2026-08-07,CALL,68.63999938964844,1.0926573523733265,0.055,0.1818181818181817,19.61242784403259,5.06284365796169,100.0,0.0,34.62
NVDA260805C00212500,2026-08-05 13:37:06+00:00,212.5,7.15,6.9,7.2,5.4300003,315.69772,4870.0,26376,1.0000000000000004e-05,True,REGULAR,USD,NVDA,2026-08-05,CALL,219.8300018310547,0.9666560443524538,7.050000000000001,0.0425531914893616,58.22824080475954,3.4946218946815155,0.003333333333333335,10.0,34.52
MU260805C00895000,2026-08-05 13:37:48+00:00,895.0,15.45,15.9,16.5,-8.099999,-34.3949,795.0,949,1.0000000000000004e-05,True,REGULAR,USD,MU,2026-08-05,CALL,913.9500122070312,0.9792658110904006,16.2,0.037037037037037,71.32834524854007,16.583220682006758,0.003333333333333335,0.0,34.34
SLV260805C00054000,2026-08-05 13:36:49+00:00,54.0,1.88,1.95,1.95,1.48,370.00003,800.0,2656,1.0000000000000004e-05,True,REGULAR,USD,SLV,2026-08-05,CALL,56.041900634765625,0.963564750452112,1.95,0.0,55.38632189615195,5.830763479083488,0.003333333333333335,10.0,34.2
MU260805C00995000,2026-08-05 13:36:27+00:00,995.0,0.3,0.2,0.28,-1.3900001,-82.24853,81.0,826,0.7685570019531252,False,REGULAR,USD,MU,2026-08-05,CALL,913.9500122070312,1.088680985513909,0.24,0.3333333333333333,21.441976780886254,1.759567859083473,100.0,0.0,34.19
AMZN260805C00257500,2026-08-04 19:53:20+00:00,257.5,20.35,21.4,22.85,0.0,0.0,462.0,152,1.7958994580078125,True,REGULAR,USD,AMZN,2026-08-05,CALL,276.3450012207031,0.9318062525558312,22.125,0.0655367231638419,32.239315849383985,60.70880742057441,0.0,0.0,34.14
BAC260807C00061000,2026-08-04 19:35:31+00:00,61.0,2.09,2.07,2.21,0.0,0.0,548.0,2259,1.0000000000000004e-05,True,REGULAR,USD,BAC,2026-08-07,CALL,63.27999877929688,0.9639696772553856,2.14,0.0654205607476636,55.75123168650307,4.655959471635905,0.003333333333333335,10.0,33.93
LLY260807C01300000,2026-08-05 13:37:46+00:00,1300.0,2.26,2.1,2.5,0.46000004,24.083773,455.0,926,0.7386500744628905,False,REGULAR,USD,LLY,2026-08-07,CALL,1173.9649658203125,1.1073584287854965,2.3,0.1739130434782608,13.457638936229092,9.641704919392495,100.0,0.0,33.76
AMD260805C00527500,2026-08-05 13:38:02+00:00,527.5,0.79,0.74,0.84,-16.91,-96.40822,540.0,1495,0.954102021484375,False,REGULAR,USD,AMD,2026-08-05,CALL,490.0150146484375,1.0764976260542878,0.79,0.1265822784810126,27.56084869280469,7.0332160404388135,80.73724731445313,0.0,33.67
QQQ260805C00718000,2026-08-05 13:36:29+00:00,718.0,8.41,8.4,8.5,0.25,3.0637255,290.0,2794,1.0000000000000004e-05,True,REGULAR,USD,QQQ,2026-08-05,CALL,726.969970703125,0.9876611537413996,8.45,0.0118343195266271,81.68094697637468,1.8744214568677877,0.003333333333333335,0.0,33.33
META260805C00590000,2026-08-05 13:37:09+00:00,590.0,7.2,7.0,7.6,2.25,45.454548,317.0,2339,1.0000000000000004e-05,True,REGULAR,USD,META,2026-08-05,CALL,598.1799926757812,0.9863251984754782,7.3,0.0821917808219177,79.93122494254152,2.5104103548481036,0.003333333333333335,0.0,32.85
AMD260805C00542500,2026-08-05 13:37:28+00:00,542.5,0.27,0.27,0.29,-12.379999,-97.86561,366.0,296,1.0078174609375,False,REGULAR,USD,AMD,2026-08-05,CALL,490.0150146484375,1.1071089329563053,0.28,0.0714285714285712,13.554804880131647,24.57487918228532,74.0228173828125,0.0,32.53
QQQ260805C00717000,2026-08-05 13:36:53+00:00,717.0,9.11,9.05,9.16,-0.8299999,-8.3501005,86.0,2958,1.0000000000000004e-05,True,REGULAR,USD,QQQ,2026-08-05,CALL,726.969970703125,0.9862855811038768,9.105,0.0120812740252607,79.87996510485782,0.3769441707883163,0.003333333333333335,0.0,32.08
MU260805C00890000,2026-08-05 13:38:07+00:00,890.0,18.87,18.7,19.75,-6.8899994,-25.911995,759.0,885,1.0000000000000004e-05,True,REGULAR,USD,MU,2026-08-05,CALL,913.9500122070312,0.9737950523692251,19.225,0.0546163849154746,65.32335619488742,16.982103577831566,0.003333333333333335,0.0,32.07
AMD260805C00532500,2026-08-05 13:37:27+00:00,532.5,0.53,0.49,0.6,-15.27,-96.46241,301.0,732,0.96679720703125,False,REGULAR,USD,AMD,2026-08-05,CALL,490.0150146484375,1.0867013950216269,0.5449999999999999,0.2018348623853211,22.381853665931356,8.035236673945773,79.15034912109375,0.0,31.55
QQQ260805C00716000,2026-08-05 13:37:08+00:00,716.0,10.03,9.96,10.16,-0.7800007,-7.215547,124.0,2630,1.0000000000000004e-05,True,REGULAR,USD,QQQ,2026-08-05,CALL,726.969970703125,0.984910008466354,10.06,0.0198807157057653,78.12203443788323,0.7391796641502817,0.003333333333333335,0.0,31.51
UBER260807C00076000,2026-08-05 13:37:09+00:00,76.0,0.04,0.03,0.04,-1.08,-96.42858,300.0,2274,0.570316796875,False,REGULAR,USD,UBER,2026-08-07,CALL,68.63999938964844,1.107226117071637,0.035,0.2857142857142857,13.50913848462274,2.4382245136962974,100.0,0.0,31.26
AMD260805C00535000,2026-08-05 13:37:02+00:00,535.0,0.43,0.37,0.57,-14.599999,-97.13905,538.0,978,0.9804689453125,False,REGULAR,USD,AMD,2026-08-05,CALL,490.0150146484375,1.0918032795052963,0.47,0.4255319148936169,19.99899470244621,10.818953019927168,77.44138183593752,0.0,31.15
MU260805C01010000,2026-08-05 13:36:53+00:00,1010.0,0.1,0.13,0.18,-0.97,-90.6542,88.0,523,0.8320329296874999,False,REGULAR,USD,MU,2026-08-05,CALL,913.9500122070312,1.1050932616774354,0.155,0.3225806451612902,14.348476394118872,3.166397817651858,95.99588378906252,0.0,30.85
PLTR260807C00139000,2026-08-04 19:56:48+00:00,139.0,23.45,24.3,25.7,0.0,0.0,2170.0,1346,1.2939488427734374,True,REGULAR,USD,PLTR,2026-08-07,CALL,163.31500244140625,0.8511159288618942,25.0,0.0559999999999999,0.0,32.104292607847604,38.256394653320335,10.0,30.8
QQQ260805C00715000,2026-08-05 13:36:53+00:00,715.0,10.81,10.68,10.87,-0.03999996,-0.36866322,82.0,4182,1.0000000000000004e-05,True,REGULAR,USD,QQQ,2026-08-05,CALL,726.969970703125,0.9835344358288312,10.775,0.0176334106728537,76.40562954449422,0.18723759004716237,0.003333333333333335,0.0,30.63
META260805C00587500,2026-08-05 13:35:53+00:00,587.5,8.57,8.55,9.5,2.5699997,42.83333,66.0,652,1.0000000000000004e-05,True,REGULAR,USD,META,2026-08-05,CALL,598.1799926757812,0.9821458544141414,9.025,0.1052631578947367,74.71362993580692,1.8229788415604469,0.003333333333333335,0.0,30.52
QQQ260805C00702000,2026-08-04 19:54:59+00:00,702.0,22.3,23.0,23.32,0.0,0.0,654.0,598,1.0000000000000004e-05,True,REGULAR,USD,QQQ,2026-08-05,CALL,726.969970703125,0.9656519915410344,23.16,0.0138169257340241,57.29084436914016,21.71218192879058,0.003333333333333335,0.0,30.52
AAPL260805C00302500,2026-08-05 13:36:36+00:00,302.5,4.7,4.0,4.35,-2.7000003,-36.48649,60.0,1667,1.0000000000000004e-05,True,REGULAR,USD,AAPL,2026-08-05,CALL,307.8800048828125,0.9825256437654656,4.175,0.0838323353293412,75.17243283628491,0.5156109186186079,0.003333333333333335,0.0,30.25
BAC260807C00058000,2026-08-04 18:58:25+00:00,58.0,5.22,4.85,5.25,0.0,0.0,1709.0,1122,1.0000000000000004e-05,True,REGULAR,USD,BAC,2026-08-07,CALL,63.27999877929688,0.9165613324723338,5.05,0.0792079207920792,23.97521275145301,30.3204033355,0.003333333333333335,10.0,30.2
NVDA260805C00210000,2026-08-05 13:37:13+00:00,210.0,9.51,9.3,9.75,6.3900003,204.80772,1398.0,20168,1.0000000000000004e-05,True,REGULAR,USD,NVDA,2026-08-05,CALL,219.8300018310547,0.9552836203012484,9.525,0.0472440944881889,48.37150014682165,1.1834806721771307,0.003333333333333335,10.0,29.76
SLV260805C00050500,2026-08-04 18:58:45+00:00,50.5,3.39,5.4,5.6,0.0,0.0,135.0,102,1.1640666796875,True,REGULAR,USD,SLV,2026-08-05,CALL,56.041900634765625,0.9011114795894752,5.5,0.0363636363636362,16.892574626252262,26.319319087141114,54.49166503906249,0.0,29.59
ORCL260807C00160000,2026-08-05 13:37:18+00:00,160.0,0.25,0.21,0.27,-0.3,-55.555557,243.0,7408,0.75586181640625,False,REGULAR,USD,ORCL,2026-08-07,CALL,143.3800048828125,1.1159157103584378,0.24,0.2500000000000001,10.260943992171248,0.4516711352959756,100.0,0.0,29.26
NFLX260807C00083000,2026-08-04 19:59:20+00:00,83.0,0.02,0.02,0.03,0.0,0.0,127.0,1129,0.5937540625000001,False,REGULAR,USD,NFLX,2026-08-07,CALL,74.0199966430664,1.1213186134043789,0.025,0.3999999999999999,8.369923222873616,2.0486809039980067,100.0,0.0,29.07
META260805C00585000,2026-08-05 13:36:20+00:00,585.0,9.0,10.15,11.35,1.4899998,19.840208,128.0,1222,1.0000000000000004e-05,True,REGULAR,USD,META,2026-08-05,CALL,598.1799926757812,0.9779665103528046,10.75,0.1116279069767441,69.85341428073882,1.893510117809865,0.003333333333333335,0.0,28.6
PLTR260807C00150000,2026-08-05 13:37:11+00:00,150.0,14.8,14.35,15.1,1.4200001,10.612855,271.0,21222,1.0224658251953125,True,REGULAR,USD,PLTR,2026-08-07,CALL,163.31500244140625,0.9184704268293822,14.725,0.0509337860780984,24.934084292031898,0.05019471769807339,72.19177185058594,0.0,28.04
INTC260805C00099000,2026-08-05 13:37:34+00:00,99.0,1.74,1.7,1.78,-1.9200001,-52.459015,359.0,15580,1.0000000000000004e-05,True,REGULAR,USD,INTC,2026-08-05,CALL,101.23999786376952,0.9778743785950716,1.74,0.0459770114942529,69.75002039708747,0.25606928134752754,0.003333333333333335,0.0,27.99
AMZN260805C00247500,2026-08-04 19:48:24+00:00,247.5,30.96,32.0,35.3,0.0,0.0,430.0,136,2.751956245117188,True,REGULAR,USD,AMZN,2026-08-05,CALL,276.3450012207031,0.8956196019711388,33.65,0.0980683506686477,14.632914085541286,63.159659543570555,0.0,0.0,27.96
MU260805C01020000,2026-08-05 13:34:55+00:00,1020.0,0.15,0.09,0.15,-0.65,-81.25001,111.0,669,0.8730481445312499,False,REGULAR,USD,MU,2026-08-05,CALL,913.9500122070312,1.1160347791197862,0.12,0.5,10.218250544460847,3.119486392175645,90.86898193359376,0.0,27.9
AMD260805C00540000,2026-08-05 13:38:02+00:00,540.0,0.3,0.28,0.4,-13.45,-97.818184,540.0,1532,1.001958115234375,False,REGULAR,USD,AMD,2026-08-05,CALL,490.0150146484375,1.102007048472636,0.34,0.3529411764705882,15.594365299796753,6.8583851938126426,74.75523559570311,0.0,27.33
NFLX260807C00068000,2026-08-04 19:57:34+00:00,68.0,5.6,5.9,7.6,0.0,0.0,89.0,1120,1.073246821289063,True,REGULAR,USD,NFLX,2026-08-07,CALL,74.0199966430664,0.9186706712228646,6.75,0.2518518518518517,25.035830031733624,1.3868292473855646,65.84414733886715,0.0,26.96
RIVN260807C00014000,2026-08-04 19:26:54+00:00,14.0,1.84,1.27,1.62,0.0,0.0,128.0,197,1.109379453125,True,REGULAR,USD,RIVN,2026-08-07,CALL,15.49899959564209,0.9032841064100956,1.445,0.2422145328719723,17.821342699860324,12.815931758827118,61.32756835937499,0.0,26.95
IWM260805C00294000,2026-08-04 19:48:47+00:00,294.0,8.27,7.78,8.04,0.0,0.0,220.0,1197,1.0000000000000004e-05,True,REGULAR,USD,IWM,2026-08-05,CALL,302.3699951171875,0.9723186981104271,7.91,0.0328697850821743,63.79100536983962,3.4776924596192464,0.003333333333333335,0.0,26.73
AAPL260805C00300000,2026-08-05 13:36:43+00:00,300.0,7.0,6.25,6.8,-2.8199997,-28.716902,56.0,1690,1.0000000000000004e-05,True,REGULAR,USD,AAPL,2026-08-05,CALL,307.8800048828125,0.9744055971227756,6.525,0.0842911877394635,65.96758797638098,0.4583592435205935,0.003333333333333335,0.0,26.55
ORCL260807C00127000,2026-08-04 19:31:24+00:00,127.0,19.95,15.3,18.15,0.0,0.0,87.0,942,0.90820404296875,True,REGULAR,USD,ORCL,2026-08-07,CALL,143.3800048828125,0.8857580950970101,16.725,0.170403587443946,10.866128250628138,1.645207751634943,86.47449462890626,0.0,26.54
AMD260805C00545000,2026-08-05 13:37:05+00:00,545.0,0.22,0.19,0.25,-11.88,-98.181816,372.0,817,1.0058643457031249,False,REGULAR,USD,AMD,2026-08-05,CALL,490.0150146484375,1.112210817439975,0.22,0.2727272727272727,11.61331299235484,8.919495522143144,74.2669567871094,0.0,26.33
SNAP260807C00005000,2026-08-05 13:37:34+00:00,5.0,0.59,0.58,0.67,-0.20000005,-25.31646,1319.0,30583,0.95312546875,True,REGULAR,USD,SNAP,2026-08-07,CALL,5.605000019073486,0.8920606570892584,0.625,0.1440000000000001,13.232305891717818,0.6586192003045631,80.85931640625,0.0,25.74
TSLA260805C00315000,2026-08-05 13:37:25+00:00,315.0,8.74,8.5,8.8,-4.84,-36.25468,123.0,1894,1.0000000000000004e-05,True,REGULAR,USD,TSLA,2026-08-05,CALL,324.2200012207031,0.9715625156190568,8.65,0.0346820809248555,63.01978439410823,1.0957844445840412,0.003333333333333335,0.0,25.59
CRM260807C00172500,2026-08-04 19:21:52+00:00,172.5,18.37,19.0,22.15,0.0,0.0,150.0,164,1.1694377465820311,True,REGULAR,USD,CRM,2026-08-07,CALL,193.2449951171875,0.8926492502193533,20.575,0.1530984204131226,13.46062603062368,18.124589697808517,53.82028167724611,0.0,25.18
MU260805C00885000,2026-08-05 13:36:22+00:00,885.0,24.25,20.3,23.35,-5.0,-17.094017,71.0,389,1.0000000000000004e-05,True,REGULAR,USD,MU,2026-08-05,CALL,913.9500122070312,0.9683242936480496,21.825000000000003,0.1397479954180985,59.81734826912815,3.4521693564274183,0.003333333333333335,0.0,25.14
ORCL260807C00128000,2026-08-04 19:50:54+00:00,128.0,18.16,15.05,16.95,0.0,0.0,106.0,863,1.0004932788085936,True,REGULAR,USD,ORCL,2026-08-07,CALL,143.3800048828125,0.8927325682867503,16.0,0.1187499999999999,13.493050570368162,2.2558746445832325,74.9383401489258,0.0,24.92
INTC260805C00098000,2026-08-05 13:38:03+00:00,98.0,2.49,2.49,2.53,-1.8900001,-44.680855,53.0,1967,1.0000000000000004e-05,True,REGULAR,USD,INTC,2026-08-05,CALL,101.23999786376952,0.9679968596193638,2.51,0.0159362549800795,59.50227961329288,0.33427431237046795,0.003333333333333335,0.0,23.92
QQQ260805C00698000,2026-08-04 20:07:56+00:00,698.0,26.5,26.68,28.67,0.0,0.0,272.0,666,1.0000000000000004e-05,True,REGULAR,USD,QQQ,2026-08-05,CALL,726.969970703125,0.9601497009909428,27.675,0.0719060523938573,52.39282840771495,7.979246175714547,0.003333333333333335,0.0,23.75
NVDA260805C00205000,2026-08-05 13:34:58+00:00,205.0,13.51,13.75,14.05,6.34,88.42399,660.0,6199,1.0000000000000004e-05,True,REGULAR,USD,NVDA,2026-08-05,CALL,219.8300018310547,0.9325387721988376,13.9,0.0215827338129496,32.674293021575615,1.9280303446187752,0.003333333333333335,10.0,23.75
AMD260805C00547500,2026-08-05 13:37:13+00:00,547.5,0.2,0.15,0.25,-11.0,-98.21429,107.0,443,1.0273486132812502,False,REGULAR,USD,AMD,2026-08-05,CALL,490.0150146484375,1.1173127019236446,0.2,0.5,9.762982525422172,4.634911740200052,71.58142333984374,0.0,23.42
CRM260807C00170000,2026-08-04 19:13:19+00:00,170.0,20.79,21.25,23.85,0.0,0.0,105.0,585,1.0087940185546875,True,REGULAR,USD,CRM,2026-08-07,CALL,193.2449951171875,0.8797123045640003,22.55,0.11529933481153,8.723584277448612,3.3914025856422567,73.90074768066405,0.0,23.15
META260805C00550000,2026-08-04 19:43:55+00:00,550.0,42.5,42.85,50.0,0.0,0.0,52.0,191,1.259769326171875,True,REGULAR,USD,META,2026-08-05,CALL,598.1799926757812,0.9194556934940898,46.425,0.1540118470651588,25.436882723082928,5.250501973336398,42.528834228515635,0.0,22.64
AVGO260805C00390000,2026-08-04 19:59:53+00:00,390.0,28.74,32.0,34.55,0.0,0.0,401.0,450,1.4545925708007812,True,REGULAR,USD,AVGO,2026-08-05,CALL,420.6900024414063,0.9270484150721392,33.275,0.0766341096919608,29.503754123100478,17.65316113301712,18.17592864990236,0.0,22.52
MU260805C00880000,2026-08-05 13:36:50+00:00,880.0,22.45,22.15,23.6,-10.549999,-31.969694,83.0,1082,1.0000000000000004e-05,True,REGULAR,USD,MU,2026-08-05,CALL,913.9500122070312,0.9628535349268744,22.875,0.0633879781420766,54.75060854999264,1.3316261325310481,0.003333333333333335,0.0,22.37
MU260805C00855000,2026-08-04 19:57:48+00:00,855.0,47.7,40.15,43.35,0.0,0.0,251.0,211,1.0000000000000004e-05,True,REGULAR,USD,MU,2026-08-05,CALL,913.9500122070312,0.9354997413209972,41.75,0.0766467065868264,34.47202246215687,23.63468840061003,0.003333333333333335,0.0,22.06
META260805C00535000,2026-08-04 16:55:51+00:00,535.0,45.4,58.35,63.75,0.0,0.0,64.0,127,1.2128945605468748,True,REGULAR,USD,META,2026-08-05,CALL,598.1799926757812,0.8943796291260692,61.05,0.0884520884520884,14.139424372389453,9.893748709150085,48.38817993164065,0.0,21.22
SOFI260807C00018000,2026-08-05 13:36:58+00:00,18.0,0.69,0.64,0.71,-0.16000003,-18.82353,246.0,20810,1.0000000000000004e-05,True,REGULAR,USD,SOFI,2026-08-07,CALL,18.73539924621582,0.9607481411764228,0.675,0.1037037037037036,52.906786439172826,0.031185141656615293,0.003333333333333335,0.0,21.17
IWM260805C00290000,2026-08-04 19:42:17+00:00,290.0,12.33,11.64,11.96,0.0,0.0,79.0,948,1.0000000000000004e-05,True,REGULAR,USD,IWM,2026-08-05,CALL,302.3699951171875,0.9590898722857956,11.8,0.0271186440677966,51.49332797038076,1.4643693925367163,0.003333333333333335,0.0,21.11
ORCL260807C00125000,2026-08-04 19:40:21+00:00,125.0,21.3,17.45,20.1,0.0,0.0,316.0,2958,1.0312548437500002,True,REGULAR,USD,ORCL,2026-08-07,CALL,143.3800048828125,0.8718091487175296,18.775,0.141145139813582,6.094022450043325,1.9352482268763662,71.09314453124998,0.0,20.89
MU260805C00875000,2026-08-05 13:36:28+00:00,875.0,28.35,25.45,27.7,-8.109999,-22.243551,68.0,634,1.0000000000000004e-05,True,REGULAR,USD,MU,2026-08-05,CALL,913.9500122070312,0.9573827762056988,26.575,0.0846660395108184,50.07258640323586,1.9437974193387886,0.003333333333333335,0.0,20.71
QCOM260807C00155000,2026-08-04 19:59:44+00:00,155.0,9.05,6.1,6.8,0.0,0.0,713.0,9176,1.0000000000000004e-05,True,REGULAR,USD,QCOM,2026-08-07,CALL,162.05999755859375,0.956435902351281,6.449999999999999,0.1085271317829457,49.299112599363745,1.3515251064539595,0.003333333333333335,0.0,20.19
TSLA260805C00310000,2026-08-05 13:36:59+00:00,310.0,13.42,12.95,13.4,-4.76,-26.18262,198.0,3069,1.0000000000000004e-05,True,REGULAR,USD,TSLA,2026-08-05,CALL,324.2200012207031,0.9561408883870084,13.175,0.0341555977229602,49.06020461600593,1.0872510687246646,0.003333333333333335,0.0,20.01
MSFT260805C00460000,2026-08-04 19:55:00+00:00,460.0,33.7,31.9,35.0,0.0,0.0,73.0,431,1.4846217175292966,True,REGULAR,USD,MSFT,2026-08-05,CALL,488.8949890136719,0.9408973508360836,33.45,0.0926756352765321,37.921305041962505,3.188713866181813,14.422285308837935,0.0,19.89
PLTR260807C00145000,2026-08-05 13:37:02+00:00,145.0,19.48,18.5,20.0,1.3699989,7.564875,162.0,7683,1.1220747021484376,True,REGULAR,USD,PLTR,2026-08-07,CALL,163.31500244140625,0.8878547459350695,19.25,0.0779220779220779,11.637670439657851,0.2168517957817593,59.7406622314453,0.0,19.67
AMD260805C00555000,2026-08-05 13:37:11+00:00,555.0,0.1,0.1,0.16,-9.4,-98.947365,174.0,1259,1.0644578027343752,False,REGULAR,USD,AMD,2026-08-05,CALL,490.0150146484375,1.1326183553746534,0.13,0.4615384615384615,4.698977920676549,2.5640589197857717,66.9427746582031,0.0,19.51
MU260805C00870000,2026-08-05 13:33:28+00:00,870.0,34.0,28.95,32.25,-4.0,-10.526316,77.0,632,1.0000000000000004e-05,True,REGULAR,USD,MU,2026-08-05,CALL,913.9500122070312,0.9519120174845236,30.6,0.1078431372549019,45.74020108699738,2.2359957639532384,0.003333333333333335,0.0,19.08
TSLA260805C00305000,2026-08-04 19:58:37+00:00,305.0,22.85,17.95,18.4,0.0,0.0,437.0,910,1.0000000000000004e-05,True,REGULAR,USD,TSLA,2026-08-05,CALL,324.2200012207031,0.9407192611549596,18.175,0.0247592847317743,37.803769451809,9.418428305793299,0.003333333333333335,0.0,18.42
MU260805C00845000,2026-08-04 19:58:25+00:00,845.0,57.0,47.4,53.55,0.0,0.0,306.0,333,1.0000000000000004e-05,True,REGULAR,USD,MU,2026-08-05,CALL,913.9500122070312,0.9245582238786464,50.475,0.1218424962852897,28.13114639463687,18.210461447217835,0.003333333333333335,0.0,17.63
BAC260807C00060000,2026-08-04 19:56:15+00:00,60.0,3.06,2.8,3.2,0.0,0.0,170.0,3771,1.0000000000000004e-05,True,REGULAR,USD,BAC,2026-08-07,CALL,63.27999877929688,0.948166895661035,3.0,0.1333333333333334,42.9543944439334,0.6977464287878616,0.003333333333333335,0.0,17.43
QQQ260805C00686000,2026-08-04 20:07:55+00:00,686.0,38.89,38.4,40.85,0.0,0.0,108.0,504,1.0000000000000004e-05,True,REGULAR,USD,QQQ,2026-08-05,CALL,726.969970703125,0.9436428293406688,39.625,0.0618296529968455,39.76714542094518,4.088805074575689,0.003333333333333335,0.0,17.34
LLY260807C01075000,2026-08-04 19:46:17+00:00,1075.0,62.0,132.0,146.0,0.0,0.0,657.0,654,1.9700318881225587,True,REGULAR,USD,LLY,2026-08-07,CALL,1173.9649658203125,0.9157002391880064,139.0,0.1007194244604316,23.549216426916512,19.92735102556319,0.0,0.0,16.39
QQQ260805C00685000,2026-08-04 20:14:01+00:00,685.0,39.47,39.24,41.75,0.0,0.0,91.0,874,1.0000000000000004e-05,True,REGULAR,USD,QQQ,2026-08-05,CALL,726.969970703125,0.942267256703146,40.495000000000005,0.0619829608593653,38.83428820099025,1.8809378188724217,0.003333333333333335,0.0,16.19
QCOM260807C00152500,2026-08-04 19:58:34+00:00,152.5,11.09,7.9,8.65,0.0,0.0,134.0,1172,1.0000000000000004e-05,True,REGULAR,USD,QCOM,2026-08-07,CALL,162.05999755859375,0.941009516829486,8.275,0.0906344410876132,37.995467476061265,2.085667693931608,0.003333333333333335,0.0,15.93
LLY260807C01070000,2026-08-04 16:47:06+00:00,1070.0,68.35,137.0,151.0,0.0,0.0,653.0,652,2.017827221069336,True,REGULAR,USD,LLY,2026-08-07,CALL,1173.9649658203125,0.9114411683080622,144.0,0.0972222222222222,21.499402091600516,19.866157119582997,0.0,0.0,15.55
MU260805C00825000,2026-08-04 19:58:47+00:00,825.0,73.2,66.0,73.0,0.0,0.0,503.0,501,1.0000000000000004e-05,True,REGULAR,USD,MU,2026-08-05,CALL,913.9500122070312,0.9026751889939448,69.5,0.1007194244604316,17.558976092884777,19.915423738499342,0.003333333333333335,0.0,13.99
MSFT260805C00455000,2026-08-04 19:55:01+00:00,455.0,38.46,37.5,40.2,0.0,0.0,76.0,422,1.6970229992675785,True,REGULAR,USD,MSFT,2026-08-05,CALL,488.8949890136719,0.9306702057183,38.85,0.0694980694980695,31.572164578189728,3.4035797306223867,0.0,0.0,13.82
QCOM260807C00150000,2026-08-04 19:56:15+00:00,150.0,13.39,9.35,11.75,0.0,0.0,236.0,726,1.0000000000000004e-05,True,REGULAR,USD,QCOM,2026-08-07,CALL,162.05999755859375,0.9255831313076912,10.55,0.2274881516587678,28.69133522993639,6.309026395368993,0.003333333333333335,0.0,13.69
SOFI260807C00017500,2026-08-05 13:36:58+00:00,17.5,1.06,1.05,1.1,-0.20000005,-15.873019,222.0,16405,1.0000000000000004e-05,True,REGULAR,USD,SOFI,2026-08-07,CALL,18.73539924621582,0.9340606928104108,1.0750000000000002,0.0465116279069767,33.59030207005681,0.06547994670100797,0.003333333333333335,0.0,13.46
AVGO260805C00387500,2026-08-04 19:39:43+00:00,387.5,34.2,35.7,38.9,0.0,0.0,101.0,249,1.8176278649902344,True,REGULAR,USD,AVGO,2026-08-05,CALL,420.6900024414063,0.9211057970268048,37.3,0.0857908847184985,26.29136377679155,7.923413179548298,0.0,0.0,13.29
TSLA260805C00295000,2026-08-04 15:12:32+00:00,295.0,29.72,28.0,28.5,0.0,0.0,155.0,219,1.0000000000000004e-05,True,REGULAR,USD,TSLA,2026-08-05,CALL,324.2200012207031,0.9098760066908628,28.25,0.0176991150442477,20.76919391543715,13.978646137900638,0.003333333333333335,0.0,13.2
MU260805C00830000,2026-08-04 19:46:11+00:00,830.0,70.7,60.85,67.35,0.0,0.0,414.0,589,1.0000000000000004e-05,True,REGULAR,USD,MU,2026-08-05,CALL,913.9500122070312,0.90814594771512,64.1,0.1014040561622463,19.97591792067922,13.880919317145555,0.003333333333333335,0.0,12.85
MU260805C00815000,2026-08-04 19:58:17+00:00,815.0,81.1,73.6,82.0,0.0,0.0,444.0,486,1.0000000000000004e-05,True,REGULAR,USD,MU,2026-08-05,CALL,913.9500122070312,0.8917336715515939,77.8,0.1079691516709512,13.106023114323154,18.103468346339366,0.003333333333333335,0.0,11.58
LLY260807C01040000,2026-08-04 17:53:17+00:00,1040.0,88.0,167.0,180.2,0.0,0.0,312.0,312,2.290409547424316,True,REGULAR,USD,LLY,2026-08-07,CALL,1173.9649658203125,0.885886743028397,173.6,0.0760368663594469,10.913034006288278,19.83541916680953,0.0,0.0,11.31
LLY260807C01035000,2026-08-04 17:11:44+00:00,1035.0,95.0,172.0,185.4,0.0,0.0,311.0,311,2.340519285430908,True,REGULAR,USD,LLY,2026-08-07,CALL,1173.9649658203125,0.8816276721484527,178.7,0.0749860100727476,9.389525039083482,19.83541916680953,0.0,0.0,10.7
NVDA260805C00202500,2026-08-05 13:36:46+00:00,202.5,16.5,16.85,17.25,7.0,73.68421,54.0,4095,1.0000000000000004e-05,True,REGULAR,USD,NVDA,2026-08-05,CALL,219.8300018310547,0.9211663481476324,17.05,0.0234604105571846,26.323019189673076,0.05855279642353188,0.003333333333333335,0.0,10.55
AMZN260805C00250000,2026-08-04 19:31:50+00:00,250.0,27.5,29.1,30.5,0.0,0.0,124.0,800,2.265141055908203,True,REGULAR,USD,AMZN,2026-08-05,CALL,276.3450012207031,0.904666264617312,29.8,0.046979865771812,18.422948978729075,2.9006514657980453,0.0,0.0,8.38
SOFI260807C00017000,2026-08-05 13:36:51+00:00,17.0,1.45,1.45,1.65,-0.27999997,-16.184969,583.0,12863,1.0000000000000004e-05,True,REGULAR,USD,SOFI,2026-08-07,CALL,18.73539924621582,0.9073732444443992,1.5499999999999998,0.1290322580645161,19.626217244054907,0.7026147543167437,0.003333333333333335,0.0,8.1
MU260805C00820000,2026-08-04 19:57:58+00:00,820.0,77.0,71.4,77.95,0.0,0.0,205.0,783,1.0000000000000004e-05,True,REGULAR,USD,MU,2026-08-05,CALL,913.9500122070312,0.8972044302727693,74.67500000000001,0.0877134248409775,15.272436577140361,5.041317084566848,0.003333333333333335,0.0,7.87
QCOM260807C00145000,2026-08-04 15:34:07+00:00,145.0,16.1,14.05,16.95,0.0,0.0,58.0,184,1.0000000000000004e-05,True,REGULAR,USD,QCOM,2026-08-07,CALL,162.05999755859375,0.8947303602641016,15.5,0.1870967741935482,14.278405161982851,6.111591469823121,0.003333333333333335,0.0,7.85
GOOGL260805C00337500,2026-08-04 18:06:23+00:00,337.5,41.5,43.85,47.05,0.0,0.0,68.0,164,2.2292524737548822,True,REGULAR,USD,GOOGL,2026-08-05,CALL,379.510009765625,0.8893046067702688,45.45,0.0704070407040703,12.180182336656832,8.104017093659706,0.0,0.0,7.71
GOOGL260805C00340000,2026-08-04 17:58:21+00:00,340.0,38.79,42.25,44.8,0.0,0.0,52.0,211,2.255131315307617,True,REGULAR,USD,GOOGL,2026-08-05,CALL,379.510009765625,0.8958920483019004,43.525,0.0585870189546237,14.742146895759726,4.73332396245256,0.0,0.0,7.55
PLTR260807C00140000,2026-08-05 13:37:03+00:00,140.0,25.03,24.0,24.9,2.0600014,8.9682255,146.0,10865,1.43359658203125,True,REGULAR,USD,PLTR,2026-08-07,CALL,163.31500244140625,0.8572390650407568,24.45,0.0368098159509201,1.6949985195377635,0.06357972937353042,20.80042724609377,0.0,5.9
INTC260805C00089000,2026-08-04 19:59:09+00:00,89.0,12.09,10.2,12.15,0.0,0.0,137.0,380,1.0000000000000004e-05,True,REGULAR,USD,INTC,2026-08-05,CALL,101.23999786376952,0.8790991888379937,11.175,0.1744966442953021,8.512854351757014,7.01963420466132,0.003333333333333335,0.0,5.86
GOOGL260805C00335000,2026-08-04 17:37:38+00:00,335.0,42.9,46.9,49.45,0.0,0.0,63.0,290,2.375248202514648,True,REGULAR,USD,GOOGL,2026-08-05,CALL,379.510009765625,0.8827171652386372,48.175,0.052932018681889,9.773561772009266,4.148039986521397,0.0,0.0,5.36
QCOM260807C00144000,2026-08-04 19:59:58+00:00,144.0,18.9,14.85,17.9,0.0,0.0,56.0,2859,1.0000000000000004e-05,True,REGULAR,USD,QCOM,2026-08-07,CALL,162.05999755859375,0.8885598060553835,16.375,0.1862595419847327,11.900561967427144,0.18682524625751362,0.003333333333333335,0.0,4.83
MU260805C00785000,2026-08-04 19:42:10+00:00,785.0,111.86,100.4,115.3,0.0,0.0,148.0,351,1.0000000000000004e-05,True,REGULAR,USD,MU,2026-08-05,CALL,913.9500122070312,0.8589091192245413,107.85,0.1381548446917013,2.172244506597098,8.244671368278432,0.003333333333333335,0.0,3.76
NVDA260805C00190000,2026-08-04 19:52:36+00:00,190.0,22.79,29.2,29.6,0.0,0.0,219.0,841,1.0000000000000004e-05,True,REGULAR,USD,NVDA,2026-08-05,CALL,219.8300018310547,0.8643042278916058,29.4,0.0136054421768708,3.7602022057802027,5.013073959245778,0.003333333333333335,0.0,3.26
MU260805C00780000,2026-08-04 19:44:28+00:00,780.0,116.45,105.95,119.05,0.0,0.0,67.0,399,1.0000000000000004e-05,True,REGULAR,USD,MU,2026-08-05,CALL,913.9500122070312,0.8534383605033659,112.5,0.1164444444444443,0.6329824033845032,3.159579043614522,0.003333333333333335,0.0,1.36
